item_id,order_id,product_id,price,quantity,category
ITEM_0001,ORD_0001,PROD_01,25000,2,Clothing
ITEM_0002,ORD_0002,PROD_02,10000,3,Electronics
ITEM_0003,ORD_0003,PROD_03,10000,3,Electronics
ITEM_0004,ORD_0004,PROD_04,50000,4,Clothing
ITEM_0005,ORD_0005,PROD_05,10000,4,Clothing
ITEM_0006,ORD_0006,PROD_06,25000,3,Clothing
ITEM_0007,ORD_0007,PROD_07,25000,3,Electronics
ITEM_0008,ORD_0008,PROD_08,25000,4,Clothing
ITEM_0009,ORD_0009,PROD_09,10000,4,Clothing
ITEM_0010,ORD_0010,PROD_10,50000,2,Electronics
ITEM_0011,ORD_0011,PROD_11,50000,1,Electronics
ITEM_0012,ORD_0012,PROD_12,10000,4,Electronics
ITEM_0013,ORD_0013,PROD_13,25000,1,Electronics
ITEM_0014,ORD_0014,PROD_14,10000,3,Electronics
ITEM_0015,ORD_0015,PROD_15,50000,4,Electronics
ITEM_0016,ORD_0016,PROD_16,50000,3,
ITEM_0017,ORD_0017,PROD_17,25000,3,Electronics
ITEM_0018,ORD_0018,PROD_18,10000,3,Clothing
ITEM_0019,ORD_0019,PROD_19,50000,1,Clothing
ITEM_0020,ORD_0020,PROD_20,50000,2,Clothing
ITEM_0021,ORD_0021,PROD_21,25000,1,Electronics
ITEM_0022,ORD_0022,PROD_22,10000,1,Electronics
ITEM_0023,ORD_0023,PROD_23,50000,2,Clothing
ITEM_0024,ORD_0024,PROD_24,50000,2,Electronics
ITEM_0025,ORD_0025,PROD_25,10000,2,Clothing
ITEM_0026,ORD_0026,PROD_26,10000,4,Electronics
ITEM_0027,ORD_0027,PROD_27,10000,1,Electronics
ITEM_0028,ORD_0028,PROD_28,10000,2,Electronics
ITEM_0029,ORD_0029,PROD_29,10000,3,Clothing
ITEM_0030,ORD_0030,PROD_30,50000,4,Electronics
ITEM_0031,ORD_0031,PROD_31,50000,1,Clothing
ITEM_0032,ORD_0032,PROD_32,25000,2,
ITEM_0033,ORD_0033,PROD_33,50000,2,Electronics
ITEM_0034,ORD_0034,PROD_34,50000,3,Clothing
ITEM_0035,ORD_0035,PROD_35,50000,1,Electronics
ITEM_0036,ORD_0036,PROD_36,50000,2,Clothing
ITEM_0037,ORD_0037,PROD_37,25000,3,Clothing
ITEM_0038,ORD_0038,PROD_38,10000,1,Electronics
ITEM_0039,ORD_0039,PROD_39,50000,4,Electronics
ITEM_0040,ORD_0040,PROD_40,25000,2,Clothing
ITEM_0041,ORD_0041,PROD_41,25000,4,Clothing
ITEM_0042,ORD_0042,PROD_42,10000,1,Electronics
ITEM_0043,ORD_0043,PROD_43,10000,4,Electronics
ITEM_0044,ORD_0044,PROD_44,10000,1,Clothing
ITEM_0045,ORD_0045,PROD_45,25000,4,Clothing
ITEM_0046,ORD_0046,PROD_46,25000,2,Electronics
ITEM_0047,ORD_0047,PROD_47,50000,2,Electronics
ITEM_0048,ORD_0048,PROD_48,50000,4,Electronics
ITEM_0049,ORD_0049,PROD_49,10000,2,Electronics
ITEM_0050,ORD_0050,PROD_00,10000,3,Clothing
ITEM_0051,ORD_0051,PROD_01,25000,1,Electronics
ITEM_0052,ORD_0052,PROD_02,25000,4,Clothing
ITEM_0053,ORD_0053,PROD_03,10000,2,Clothing
ITEM_0054,ORD_0054,PROD_04,50000,1,Electronics
ITEM_0055,ORD_0055,PROD_05,25000,1,Electronics
ITEM_0056,ORD_0056,PROD_06,10000,1,Clothing
ITEM_0057,ORD_0057,PROD_07,10000,3,Electronics
ITEM_0058,ORD_0058,PROD_08,10000,4,Electronics
ITEM_0059,ORD_0059,PROD_09,50000,3,Electronics
ITEM_0060,ORD_0060,PROD_10,50000,1,Electronics
ITEM_0061,ORD_0061,PROD_11,10000,1,Electronics
ITEM_0062,ORD_0062,PROD_12,25000,4,Electronics
ITEM_0063,ORD_0063,PROD_13,10000,1,Electronics
ITEM_0064,ORD_0064,PROD_14,10000,3,Clothing
ITEM_0065,ORD_0065,PROD_15,10000,3,Clothing
ITEM_0066,ORD_0066,PROD_16,25000,4,Clothing
ITEM_0067,ORD_0067,PROD_17,10000,3,Clothing
ITEM_0068,ORD_0068,PROD_18,10000,1,
ITEM_0069,ORD_0069,PROD_19,50000,2,Clothing
ITEM_0070,ORD_0070,PROD_20,10000,4,Clothing
ITEM_0071,ORD_0071,PROD_21,10000,4,Electronics
ITEM_0072,ORD_0072,PROD_22,10000,4,Electronics
ITEM_0073,ORD_0073,PROD_23,25000,4,Clothing
ITEM_0074,ORD_0074,PROD_24,10000,4,Clothing
ITEM_0075,ORD_0075,PROD_25,50000,3,Clothing
ITEM_0076,ORD_0076,PROD_26,25000,4,
ITEM_0077,ORD_0077,PROD_27,50000,2,Electronics
ITEM_0078,ORD_0078,PROD_28,50000,4,Clothing
ITEM_0079,ORD_0079,PROD_29,25000,4,Electronics
ITEM_0080,ORD_0080,PROD_30,10000,4,Clothing
ITEM_0081,ORD_0081,PROD_31,50000,4,Electronics
ITEM_0082,ORD_0082,PROD_32,25000,3,Clothing
ITEM_0083,ORD_0083,PROD_33,50000,4,Clothing
ITEM_0084,ORD_0084,PROD_34,25000,3,Clothing
ITEM_0085,ORD_0085,PROD_35,50000,4,
ITEM_0086,ORD_0086,PROD_36,50000,1,Electronics
ITEM_0087,ORD_0087,PROD_37,10000,1,Clothing
ITEM_0088,ORD_0088,PROD_38,50000,4,Electronics
ITEM_0089,ORD_0089,PROD_39,10000,1,Clothing
ITEM_0090,ORD_0090,PROD_40,25000,3,Electronics
ITEM_0091,ORD_0091,PROD_41,10000,1,
ITEM_0092,ORD_0092,PROD_42,25000,2,Clothing
ITEM_0093,ORD_0093,PROD_43,25000,1,Electronics
ITEM_0094,ORD_0094,PROD_44,50000,4,Electronics
ITEM_0095,ORD_0095,PROD_45,10000,4,Electronics
ITEM_0096,ORD_0096,PROD_46,10000,3,Electronics
ITEM_0097,ORD_0097,PROD_47,25000,3,
ITEM_0098,ORD_0098,PROD_48,10000,1,Electronics
ITEM_0099,ORD_0099,PROD_49,10000,1,Clothing
ITEM_0100,ORD_0100,PROD_00,50000,4,Electronics
ITEM_0101,ORD_0101,PROD_01,50000,3,Clothing
ITEM_0102,ORD_0102,PROD_02,25000,1,Electronics
ITEM_0103,ORD_0103,PROD_03,10000,4,Clothing
ITEM_0104,ORD_0104,PROD_04,50000,1,
ITEM_0105,ORD_0105,PROD_05,25000,2,Clothing
ITEM_0106,ORD_0106,PROD_06,10000,1,Electronics
ITEM_0107,ORD_0107,PROD_07,25000,3,
ITEM_0108,ORD_0108,PROD_08,50000,2,Clothing
ITEM_0109,ORD_0109,PROD_09,10000,2,Electronics
ITEM_0110,ORD_0110,PROD_10,50000,3,Electronics
ITEM_0111,ORD_0111,PROD_11,10000,1,Clothing
ITEM_0112,ORD_0112,PROD_12,50000,4,Electronics
ITEM_0113,ORD_0113,PROD_13,10000,1,Electronics
ITEM_0114,ORD_0114,PROD_14,10000,3,Electronics
ITEM_0115,ORD_0115,PROD_15,50000,1,
ITEM_0116,ORD_0116,PROD_16,10000,2,Clothing
ITEM_0117,ORD_0117,PROD_17,50000,3,Electronics
ITEM_0118,ORD_0118,PROD_18,10000,3,
ITEM_0119,ORD_0119,PROD_19,10000,2,Electronics
ITEM_0120,ORD_0120,PROD_20,10000,1,Electronics
ITEM_0121,ORD_0121,PROD_21,25000,4,Clothing
ITEM_0122,ORD_0122,PROD_22,10000,2,Electronics
ITEM_0123,ORD_0123,PROD_23,25000,2,Clothing
ITEM_0124,ORD_0124,PROD_24,25000,4,Electronics
ITEM_0125,ORD_0125,PROD_25,50000,1,Clothing
ITEM_0126,ORD_0126,PROD_26,25000,3,Clothing
ITEM_0127,ORD_0127,PROD_27,25000,4,Electronics
ITEM_0128,ORD_0128,PROD_28,10000,1,Electronics
ITEM_0129,ORD_0129,PROD_29,50000,1,Clothing
ITEM_0130,ORD_0130,PROD_30,50000,1,Electronics
ITEM_0131,ORD_0131,PROD_31,10000,1,
ITEM_0132,ORD_0132,PROD_32,25000,1,Electronics
ITEM_0133,ORD_0133,PROD_33,25000,1,Electronics
ITEM_0134,ORD_0134,PROD_34,50000,1,
ITEM_0135,ORD_0135,PROD_35,25000,2,Electronics
ITEM_0136,ORD_0136,PROD_36,25000,2,Electronics
ITEM_0137,ORD_0137,PROD_37,25000,4,Clothing
ITEM_0138,ORD_0138,PROD_38,10000,3,Clothing
ITEM_0139,ORD_0139,PROD_39,10000,2,Clothing
ITEM_0140,ORD_0140,PROD_40,25000,3,Electronics
ITEM_0141,ORD_0141,PROD_41,50000,3,
ITEM_0142,ORD_0142,PROD_42,50000,1,Clothing
ITEM_0143,ORD_0143,PROD_43,25000,4,Electronics
ITEM_0144,ORD_0144,PROD_44,10000,1,Electronics
ITEM_0145,ORD_0145,PROD_45,25000,3,Electronics
ITEM_0146,ORD_0146,PROD_46,50000,4,Electronics
ITEM_0147,ORD_0147,PROD_47,50000,4,
ITEM_0148,ORD_0148,PROD_48,10000,1,Clothing
ITEM_0149,ORD_0149,PROD_49,10000,3,Electronics
ITEM_0150,ORD_0150,PROD_00,50000,3,Clothing
ITEM_0151,ORD_0151,PROD_01,10000,1,Electronics
ITEM_0152,ORD_0152,PROD_02,50000,4,Electronics
ITEM_0153,ORD_0153,PROD_03,10000,3,Clothing
ITEM_0154,ORD_0154,PROD_04,25000,2,Clothing
ITEM_0155,ORD_0155,PROD_05,25000,2,Clothing
ITEM_0156,ORD_0156,PROD_06,25000,4,Clothing
ITEM_0157,ORD_0157,PROD_07,10000,2,Clothing
ITEM_0158,ORD_0158,PROD_08,25000,3,Clothing
ITEM_0159,ORD_0159,PROD_09,50000,4,Clothing
ITEM_0160,ORD_0160,PROD_10,50000,1,Clothing
ITEM_0161,ORD_0161,PROD_11,10000,4,Electronics
ITEM_0162,ORD_0162,PROD_12,50000,1,Clothing
ITEM_0163,ORD_0163,PROD_13,50000,3,Electronics
ITEM_0164,ORD_0164,PROD_14,10000,3,Clothing
ITEM_0165,ORD_0165,PROD_15,25000,4,Electronics
ITEM_0166,ORD_0166,PROD_16,10000,4,Electronics
ITEM_0167,ORD_0167,PROD_17,25000,1,Clothing
ITEM_0168,ORD_0168,PROD_18,10000,2,Clothing
ITEM_0169,ORD_0169,PROD_19,50000,3,Clothing
ITEM_0170,ORD_0170,PROD_20,50000,4,Clothing
ITEM_0171,ORD_0171,PROD_21,10000,2,Clothing
ITEM_0172,ORD_0172,PROD_22,10000,2,
ITEM_0173,ORD_0173,PROD_23,50000,4,Clothing
ITEM_0174,ORD_0174,PROD_24,25000,3,Electronics
ITEM_0175,ORD_0175,PROD_25,10000,4,Clothing
ITEM_0176,ORD_0176,PROD_26,50000,3,
ITEM_0177,ORD_0177,PROD_27,10000,3,Clothing
ITEM_0178,ORD_0178,PROD_28,50000,2,
ITEM_0179,ORD_0179,PROD_29,50000,4,Clothing
ITEM_0180,ORD_0180,PROD_30,10000,4,Clothing
ITEM_0181,ORD_0181,PROD_31,50000,1,Clothing
ITEM_0182,ORD_0182,PROD_32,50000,3,Clothing
ITEM_0183,ORD_0183,PROD_33,10000,3,Clothing
ITEM_0184,ORD_0184,PROD_34,50000,3,Clothing
ITEM_0185,ORD_0185,PROD_35,10000,2,Electronics
ITEM_0186,ORD_0186,PROD_36,25000,3,Electronics
ITEM_0187,ORD_0187,PROD_37,50000,1,Clothing
ITEM_0188,ORD_0188,PROD_38,25000,2,Electronics
ITEM_0189,ORD_0189,PROD_39,25000,2,Electronics
ITEM_0190,ORD_0190,PROD_40,10000,1,Clothing
ITEM_0191,ORD_0191,PROD_41,50000,1,Electronics
ITEM_0192,ORD_0192,PROD_42,10000,2,Clothing
ITEM_0193,ORD_0193,PROD_43,10000,2,Clothing
ITEM_0194,ORD_0194,PROD_44,50000,4,Electronics
ITEM_0195,ORD_0195,PROD_45,10000,4,Electronics
ITEM_0196,ORD_0196,PROD_46,10000,1,Clothing
ITEM_0197,ORD_0197,PROD_47,10000,2,Clothing
ITEM_0198,ORD_0198,PROD_48,25000,1,Clothing
ITEM_0199,ORD_0199,PROD_49,25000,1,Electronics
ITEM_0200,ORD_0200,PROD_00,50000,2,Clothing
ITEM_0201,ORD_0201,PROD_01,50000,2,Electronics
ITEM_0202,ORD_0202,PROD_02,25000,3,Electronics
ITEM_0203,ORD_0203,PROD_03,50000,1,Clothing
ITEM_0204,ORD_0204,PROD_04,10000,2,Clothing
ITEM_0205,ORD_0205,PROD_05,25000,2,Clothing
ITEM_0206,ORD_0206,PROD_06,10000,2,
ITEM_0207,ORD_0207,PROD_07,25000,2,Electronics
ITEM_0208,ORD_0208,PROD_08,25000,2,Electronics
ITEM_0209,ORD_0209,PROD_09,50000,3,Electronics
ITEM_0210,ORD_0210,PROD_10,50000,1,Clothing
ITEM_0211,ORD_0211,PROD_11,25000,4,Electronics
ITEM_0212,ORD_0212,PROD_12,10000,4,Electronics
ITEM_0213,ORD_0213,PROD_13,25000,4,Electronics
ITEM_0214,ORD_0214,PROD_14,25000,2,Clothing
ITEM_0215,ORD_0215,PROD_15,25000,1,
ITEM_0216,ORD_0216,PROD_16,25000,4,Electronics
ITEM_0217,ORD_0217,PROD_17,25000,4,
ITEM_0218,ORD_0218,PROD_18,10000,2,
ITEM_0219,ORD_0219,PROD_19,25000,3,Clothing
ITEM_0220,ORD_0220,PROD_20,10000,3,Electronics
ITEM_0221,ORD_0221,PROD_21,25000,1,Clothing
ITEM_0222,ORD_0222,PROD_22,25000,1,Electronics
ITEM_0223,ORD_0223,PROD_23,50000,1,Clothing
ITEM_0224,ORD_0224,PROD_24,25000,2,Clothing
ITEM_0225,ORD_0225,PROD_25,25000,3,Electronics
ITEM_0226,ORD_0226,PROD_26,10000,3,Clothing
ITEM_0227,ORD_0227,PROD_27,50000,1,Clothing
ITEM_0228,ORD_0228,PROD_28,50000,2,Electronics
ITEM_0229,ORD_0229,PROD_29,50000,2,Electronics
ITEM_0230,ORD_0230,PROD_30,50000,3,Clothing
ITEM_0231,ORD_0231,PROD_31,10000,1,Clothing
ITEM_0232,ORD_0232,PROD_32,50000,4,Clothing
ITEM_0233,ORD_0233,PROD_33,25000,1,Electronics
ITEM_0234,ORD_0234,PROD_34,10000,2,Electronics
ITEM_0235,ORD_0235,PROD_35,25000,1,Clothing
ITEM_0236,ORD_0236,PROD_36,10000,2,Electronics
ITEM_0237,ORD_0237,PROD_37,50000,1,Electronics
ITEM_0238,ORD_0238,PROD_38,10000,4,Clothing
ITEM_0239,ORD_0239,PROD_39,10000,1,Clothing
ITEM_0240,ORD_0240,PROD_40,50000,4,Electronics
ITEM_0241,ORD_0241,PROD_41,10000,3,Electronics
ITEM_0242,ORD_0242,PROD_42,50000,2,Electronics
ITEM_0243,ORD_0243,PROD_43,25000,2,Electronics
ITEM_0244,ORD_0244,PROD_44,10000,4,Clothing
ITEM_0245,ORD_0245,PROD_45,25000,2,Electronics
ITEM_0246,ORD_0246,PROD_46,50000,3,Clothing
ITEM_0247,ORD_0247,PROD_47,25000,1,
ITEM_0248,ORD_0248,PROD_48,25000,1,Clothing
ITEM_0249,ORD_0249,PROD_49,50000,2,Clothing
ITEM_0250,ORD_0250,PROD_00,25000,2,Electronics
ITEM_0251,ORD_0251,PROD_01,10000,4,Electronics
ITEM_0252,ORD_0252,PROD_02,50000,4,Clothing
ITEM_0253,ORD_0253,PROD_03,10000,1,Electronics
ITEM_0254,ORD_0254,PROD_04,25000,3,Clothing
ITEM_0255,ORD_0255,PROD_05,25000,4,Clothing
ITEM_0256,ORD_0256,PROD_06,10000,3,Clothing
ITEM_0257,ORD_0257,PROD_07,50000,2,
ITEM_0258,ORD_0258,PROD_08,50000,1,
ITEM_0259,ORD_0259,PROD_09,25000,1,Electronics
ITEM_0260,ORD_0260,PROD_10,50000,4,
ITEM_0261,ORD_0261,PROD_11,25000,1,Clothing
ITEM_0262,ORD_0262,PROD_12,50000,1,
ITEM_0263,ORD_0263,PROD_13,25000,4,Electronics
ITEM_0264,ORD_0264,PROD_14,50000,1,Clothing
ITEM_0265,ORD_0265,PROD_15,10000,4,Electronics
ITEM_0266,ORD_0266,PROD_16,25000,2,Clothing
ITEM_0267,ORD_0267,PROD_17,25000,1,Electronics
ITEM_0268,ORD_0268,PROD_18,10000,2,Electronics
ITEM_0269,ORD_0269,PROD_19,10000,4,Clothing
ITEM_0270,ORD_0270,PROD_20,50000,3,Clothing
ITEM_0271,ORD_0271,PROD_21,50000,2,Clothing
ITEM_0272,ORD_0272,PROD_22,25000,4,Clothing
ITEM_0273,ORD_0273,PROD_23,10000,2,Electronics
ITEM_0274,ORD_0274,PROD_24,50000,1,Clothing
ITEM_0275,ORD_0275,PROD_25,50000,4,Clothing
ITEM_0276,ORD_0276,PROD_26,25000,2,Electronics
ITEM_0277,ORD_0277,PROD_27,25000,1,Clothing
ITEM_0278,ORD_0278,PROD_28,10000,1,Clothing
ITEM_0279,ORD_0279,PROD_29,25000,1,Clothing
ITEM_0280,ORD_0280,PROD_30,10000,4,Electronics
ITEM_0281,ORD_0281,PROD_31,50000,3,Electronics
ITEM_0282,ORD_0282,PROD_32,50000,1,Clothing
ITEM_0283,ORD_0283,PROD_33,50000,1,Clothing
ITEM_0284,ORD_0284,PROD_34,10000,4,Clothing
ITEM_0285,ORD_0285,PROD_35,25000,3,Clothing
ITEM_0286,ORD_0286,PROD_36,10000,1,Electronics
ITEM_0287,ORD_0287,PROD_37,25000,2,Clothing
ITEM_0288,ORD_0288,PROD_38,50000,2,
ITEM_0289,ORD_0289,PROD_39,25000,4,Clothing
ITEM_0290,ORD_0290,PROD_40,50000,1,Clothing
ITEM_0291,ORD_0291,PROD_41,50000,1,
ITEM_0292,ORD_0292,PROD_42,25000,2,Electronics
ITEM_0293,ORD_0293,PROD_43,25000,1,
ITEM_0294,ORD_0294,PROD_44,50000,3,
ITEM_0295,ORD_0295,PROD_45,25000,2,Electronics
ITEM_0296,ORD_0296,PROD_46,10000,2,Electronics
ITEM_0297,ORD_0297,PROD_47,10000,1,Electronics
ITEM_0298,ORD_0298,PROD_48,25000,3,
ITEM_0299,ORD_0299,PROD_49,10000,3,Clothing
ITEM_0300,ORD_0300,PROD_00,50000,1,Clothing
ITEM_0301,ORD_0301,PROD_01,10000,1,Clothing
ITEM_0302,ORD_0302,PROD_02,25000,4,Clothing
ITEM_0303,ORD_0303,PROD_03,50000,1,Clothing
ITEM_0304,ORD_0304,PROD_04,25000,1,Electronics
ITEM_0305,ORD_0305,PROD_05,50000,2,Electronics
ITEM_0306,ORD_0306,PROD_06,25000,4,
ITEM_0307,ORD_0307,PROD_07,25000,4,Electronics
ITEM_0308,ORD_0308,PROD_08,25000,2,Clothing
ITEM_0309,ORD_0309,PROD_09,25000,1,Electronics
ITEM_0310,ORD_0310,PROD_10,50000,1,Clothing
ITEM_0311,ORD_0311,PROD_11,10000,1,
ITEM_0312,ORD_0312,PROD_12,50000,3,Clothing
ITEM_0313,ORD_0313,PROD_13,25000,2,Electronics
ITEM_0314,ORD_0314,PROD_14,10000,1,Electronics
ITEM_0315,ORD_0315,PROD_15,10000,1,
ITEM_0316,ORD_0316,PROD_16,25000,4,Electronics
ITEM_0317,ORD_0317,PROD_17,10000,4,Clothing
ITEM_0318,ORD_0318,PROD_18,10000,1,Electronics
ITEM_0319,ORD_0319,PROD_19,50000,4,Clothing
ITEM_0320,ORD_0320,PROD_20,50000,4,Clothing
ITEM_0321,ORD_0321,PROD_21,50000,3,Clothing
ITEM_0322,ORD_0322,PROD_22,10000,2,Electronics
ITEM_0323,ORD_0323,PROD_23,50000,3,Clothing
ITEM_0324,ORD_0324,PROD_24,25000,1,Electronics
ITEM_0325,ORD_0325,PROD_25,50000,1,Electronics
ITEM_0326,ORD_0326,PROD_26,25000,2,Clothing
ITEM_0327,ORD_0327,PROD_27,25000,1,Electronics
ITEM_0328,ORD_0328,PROD_28,50000,3,
ITEM_0329,ORD_0329,PROD_29,10000,1,Clothing
ITEM_0330,ORD_0330,PROD_30,10000,2,Clothing
ITEM_0331,ORD_0331,PROD_31,10000,4,Clothing
ITEM_0332,ORD_0332,PROD_32,50000,2,Electronics
ITEM_0333,ORD_0333,PROD_33,10000,2,Clothing
ITEM_0334,ORD_0334,PROD_34,25000,4,Electronics
ITEM_0335,ORD_0335,PROD_35,25000,3,Electronics
ITEM_0336,ORD_0336,PROD_36,50000,3,Electronics
ITEM_0337,ORD_0337,PROD_37,50000,2,Electronics
ITEM_0338,ORD_0338,PROD_38,50000,2,Clothing
ITEM_0339,ORD_0339,PROD_39,10000,3,
ITEM_0340,ORD_0340,PROD_40,25000,4,Electronics
ITEM_0341,ORD_0341,PROD_41,25000,3,Electronics
ITEM_0342,ORD_0342,PROD_42,25000,1,Clothing
ITEM_0343,ORD_0343,PROD_43,50000,1,Clothing
ITEM_0344,ORD_0344,PROD_44,50000,2,Electronics
ITEM_0345,ORD_0345,PROD_45,10000,4,Clothing
ITEM_0346,ORD_0346,PROD_46,10000,2,Electronics
ITEM_0347,ORD_0347,PROD_47,10000,2,Electronics
ITEM_0348,ORD_0348,PROD_48,50000,1,Electronics
ITEM_0349,ORD_0349,PROD_49,10000,1,
ITEM_0350,ORD_0350,PROD_00,10000,3,Electronics
ITEM_0351,ORD_0351,PROD_01,25000,2,Clothing
ITEM_0352,ORD_0352,PROD_02,50000,3,Electronics
ITEM_0353,ORD_0353,PROD_03,25000,1,
ITEM_0354,ORD_0354,PROD_04,50000,2,Clothing
ITEM_0355,ORD_0355,PROD_05,25000,4,Electronics
ITEM_0356,ORD_0356,PROD_06,50000,4,Electronics
ITEM_0357,ORD_0357,PROD_07,50000,3,Clothing
ITEM_0358,ORD_0358,PROD_08,25000,3,Electronics
ITEM_0359,ORD_0359,PROD_09,25000,1,Electronics
ITEM_0360,ORD_0360,PROD_10,25000,3,Electronics
ITEM_0361,ORD_0361,PROD_11,25000,3,Electronics
ITEM_0362,ORD_0362,PROD_12,50000,3,Electronics
ITEM_0363,ORD_0363,PROD_13,50000,3,Clothing
ITEM_0364,ORD_0364,PROD_14,10000,4,Electronics
ITEM_0365,ORD_0365,PROD_15,10000,1,Clothing
ITEM_0366,ORD_0366,PROD_16,10000,4,Clothing
ITEM_0367,ORD_0367,PROD_17,10000,3,
ITEM_0368,ORD_0368,PROD_18,25000,1,Electronics
ITEM_0369,ORD_0369,PROD_19,10000,2,Electronics
ITEM_0370,ORD_0370,PROD_20,25000,3,Electronics
ITEM_0371,ORD_0371,PROD_21,25000,2,Electronics
ITEM_0372,ORD_0372,PROD_22,50000,2,Clothing
ITEM_0373,ORD_0373,PROD_23,50000,2,Electronics
ITEM_0374,ORD_0374,PROD_24,10000,1,Electronics
ITEM_0375,ORD_0375,PROD_25,25000,3,Clothing
ITEM_0376,ORD_0376,PROD_26,10000,4,
ITEM_0377,ORD_0377,PROD_27,10000,2,Electronics
ITEM_0378,ORD_0378,PROD_28,10000,2,Clothing
ITEM_0379,ORD_0379,PROD_29,25000,2,Clothing
ITEM_0380,ORD_0380,PROD_30,50000,4,Clothing
ITEM_0381,ORD_0381,PROD_31,10000,2,Clothing
ITEM_0382,ORD_0382,PROD_32,10000,1,Clothing
ITEM_0383,ORD_0383,PROD_33,25000,3,Electronics
ITEM_0384,ORD_0384,PROD_34,50000,2,Clothing
ITEM_0385,ORD_0385,PROD_35,10000,1,Clothing
ITEM_0386,ORD_0386,PROD_36,25000,4,Clothing
ITEM_0387,ORD_0387,PROD_37,10000,4,Electronics
ITEM_0388,ORD_0388,PROD_38,50000,2,Clothing
ITEM_0389,ORD_0389,PROD_39,10000,3,Electronics
ITEM_0390,ORD_0390,PROD_40,50000,4,Clothing
ITEM_0391,ORD_0391,PROD_41,25000,1,
ITEM_0392,ORD_0392,PROD_42,10000,3,Clothing
ITEM_0393,ORD_0393,PROD_43,50000,2,Clothing
ITEM_0394,ORD_0394,PROD_44,10000,2,Electronics
ITEM_0395,ORD_0395,PROD_45,10000,3,
ITEM_0396,ORD_0396,PROD_46,10000,4,Electronics
ITEM_0397,ORD_0397,PROD_47,50000,3,Electronics
ITEM_0398,ORD_0398,PROD_48,10000,1,Clothing
ITEM_0399,ORD_0399,PROD_49,50000,1,Electronics
ITEM_0400,ORD_0400,PROD_00,25000,2,Electronics
ITEM_0401,ORD_0401,PROD_01,25000,4,Electronics
ITEM_0402,ORD_0402,PROD_02,10000,2,Electronics
ITEM_0403,ORD_0403,PROD_03,25000,1,
ITEM_0404,ORD_0404,PROD_04,10000,1,Electronics
ITEM_0405,ORD_0405,PROD_05,10000,4,Electronics
ITEM_0406,ORD_0406,PROD_06,10000,2,Electronics
ITEM_0407,ORD_0407,PROD_07,10000,4,Clothing
ITEM_0408,ORD_0408,PROD_08,25000,2,Clothing
ITEM_0409,ORD_0409,PROD_09,50000,4,Electronics
ITEM_0410,ORD_0410,PROD_10,25000,3,Electronics
ITEM_0411,ORD_0411,PROD_11,10000,3,Clothing
ITEM_0412,ORD_0412,PROD_12,50000,1,Electronics
ITEM_0413,ORD_0413,PROD_13,25000,1,Clothing
ITEM_0414,ORD_0414,PROD_14,50000,2,Electronics
ITEM_0415,ORD_0415,PROD_15,25000,3,
ITEM_0416,ORD_0416,PROD_16,25000,1,Clothing
ITEM_0417,ORD_0417,PROD_17,50000,1,Clothing
ITEM_0418,ORD_0418,PROD_18,50000,4,Clothing
ITEM_0419,ORD_0419,PROD_19,25000,2,Clothing
ITEM_0420,ORD_0420,PROD_20,10000,2,Electronics
ITEM_0421,ORD_0421,PROD_21,50000,3,Clothing
ITEM_0422,ORD_0422,PROD_22,25000,2,Clothing
ITEM_0423,ORD_0423,PROD_23,25000,3,Electronics
ITEM_0424,ORD_0424,PROD_24,10000,2,Electronics
ITEM_0425,ORD_0425,PROD_25,10000,1,Clothing
ITEM_0426,ORD_0426,PROD_26,10000,2,Clothing
ITEM_0427,ORD_0427,PROD_27,50000,2,Clothing
ITEM_0428,ORD_0428,PROD_28,10000,4,Electronics
ITEM_0429,ORD_0429,PROD_29,10000,2,Clothing
ITEM_0430,ORD_0430,PROD_30,25000,2,Electronics
ITEM_0431,ORD_0431,PROD_31,10000,1,Electronics
ITEM_0432,ORD_0432,PROD_32,50000,2,Clothing
ITEM_0433,ORD_0433,PROD_33,25000,3,Clothing
ITEM_0434,ORD_0434,PROD_34,50000,4,Electronics
ITEM_0435,ORD_0435,PROD_35,25000,4,Clothing
ITEM_0436,ORD_0436,PROD_36,25000,2,Electronics
ITEM_0437,ORD_0437,PROD_37,25000,3,Clothing
ITEM_0438,ORD_0438,PROD_38,50000,2,Clothing
ITEM_0439,ORD_0439,PROD_39,10000,1,Clothing
ITEM_0440,ORD_0440,PROD_40,10000,1,Clothing
ITEM_0441,ORD_0441,PROD_41,50000,1,Clothing
ITEM_0442,ORD_0442,PROD_42,10000,3,Electronics
ITEM_0443,ORD_0443,PROD_43,50000,2,Electronics
ITEM_0444,ORD_0444,PROD_44,10000,1,Electronics
ITEM_0445,ORD_0445,PROD_45,25000,4,Clothing
ITEM_0446,ORD_0446,PROD_46,25000,3,Clothing
ITEM_0447,ORD_0447,PROD_47,10000,1,Clothing
ITEM_0448,ORD_0448,PROD_48,10000,4,Clothing
ITEM_0449,ORD_0449,PROD_49,10000,2,Electronics
ITEM_0450,ORD_0450,PROD_00,50000,3,Clothing
ITEM_0451,ORD_0451,PROD_01,50000,2,Clothing
ITEM_0452,ORD_0452,PROD_02,10000,3,
ITEM_0453,ORD_0453,PROD_03,10000,4,Clothing
ITEM_0454,ORD_0454,PROD_04,25000,3,Clothing
ITEM_0455,ORD_0455,PROD_05,50000,2,Clothing
ITEM_0456,ORD_0456,PROD_06,25000,3,Electronics
ITEM_0457,ORD_0457,PROD_07,25000,2,Electronics
ITEM_0458,ORD_0458,PROD_08,25000,1,
ITEM_0459,ORD_0459,PROD_09,25000,4,Clothing
ITEM_0460,ORD_0460,PROD_10,10000,3,Clothing
ITEM_0461,ORD_0461,PROD_11,25000,2,Electronics
ITEM_0462,ORD_0462,PROD_12,10000,4,Electronics
ITEM_0463,ORD_0463,PROD_13,10000,4,Electronics
ITEM_0464,ORD_0464,PROD_14,25000,2,Electronics
ITEM_0465,ORD_0465,PROD_15,50000,3,Electronics
ITEM_0466,ORD_0466,PROD_16,50000,3,Electronics
ITEM_0467,ORD_0467,PROD_17,10000,1,Electronics
ITEM_0468,ORD_0468,PROD_18,25000,4,Clothing
ITEM_0469,ORD_0469,PROD_19,10000,2,Clothing
ITEM_0470,ORD_0470,PROD_20,25000,3,Electronics
ITEM_0471,ORD_0471,PROD_21,10000,4,Electronics
ITEM_0472,ORD_0472,PROD_22,25000,2,Electronics
ITEM_0473,ORD_0473,PROD_23,50000,4,Electronics
ITEM_0474,ORD_0474,PROD_24,50000,2,
ITEM_0475,ORD_0475,PROD_25,10000,3,Electronics
ITEM_0476,ORD_0476,PROD_26,50000,1,Electronics
ITEM_0477,ORD_0477,PROD_27,10000,2,Electronics
ITEM_0478,ORD_0478,PROD_28,10000,2,Clothing
ITEM_0479,ORD_0479,PROD_29,25000,2,Clothing
ITEM_0480,ORD_0480,PROD_30,25000,3,Electronics
ITEM_0481,ORD_0481,PROD_31,10000,1,Electronics
ITEM_0482,ORD_0482,PROD_32,25000,2,Clothing
ITEM_0483,ORD_0483,PROD_33,50000,3,Clothing
ITEM_0484,ORD_0484,PROD_34,10000,3,Electronics
ITEM_0485,ORD_0485,PROD_35,10000,2,
ITEM_0486,ORD_0486,PROD_36,50000,3,Electronics
ITEM_0487,ORD_0487,PROD_37,50000,2,Clothing
ITEM_0488,ORD_0488,PROD_38,50000,4,Electronics
ITEM_0489,ORD_0489,PROD_39,10000,3,Electronics
ITEM_0490,ORD_0490,PROD_40,10000,1,Clothing
ITEM_0491,ORD_0491,PROD_41,10000,4,Electronics
ITEM_0492,ORD_0492,PROD_42,25000,1,Electronics
ITEM_0493,ORD_0493,PROD_43,10000,3,Clothing
ITEM_0494,ORD_0494,PROD_44,25000,2,
ITEM_0495,ORD_0495,PROD_45,50000,3,Electronics
ITEM_0496,ORD_0496,PROD_46,50000,3,
ITEM_0497,ORD_0497,PROD_47,10000,4,Clothing
ITEM_0498,ORD_0498,PROD_48,25000,4,Clothing
ITEM_0499,ORD_0499,PROD_49,25000,3,Clothing
ITEM_0500,ORD_0500,PROD_00,10000,1,Clothing
ITEM_0501,ORD_0501,PROD_01,25000,2,Clothing
ITEM_0502,ORD_0502,PROD_02,50000,4,Electronics
ITEM_0503,ORD_0503,PROD_03,25000,2,
ITEM_0504,ORD_0504,PROD_04,10000,1,Electronics
ITEM_0505,ORD_0505,PROD_05,25000,1,Electronics
ITEM_0506,ORD_0506,PROD_06,50000,1,Clothing
ITEM_0507,ORD_0507,PROD_07,50000,1,Electronics
ITEM_0508,ORD_0508,PROD_08,25000,4,Electronics
ITEM_0509,ORD_0509,PROD_09,10000,1,
ITEM_0510,ORD_0510,PROD_10,25000,1,
ITEM_0511,ORD_0511,PROD_11,10000,2,Electronics
ITEM_0512,ORD_0512,PROD_12,25000,3,Clothing
ITEM_0513,ORD_0513,PROD_13,25000,4,
ITEM_0514,ORD_0514,PROD_14,25000,2,Clothing
ITEM_0515,ORD_0515,PROD_15,25000,1,Clothing
ITEM_0516,ORD_0516,PROD_16,10000,4,Clothing
ITEM_0517,ORD_0517,PROD_17,25000,4,Clothing
ITEM_0518,ORD_0518,PROD_18,25000,4,Clothing
ITEM_0519,ORD_0519,PROD_19,50000,3,Clothing
ITEM_0520,ORD_0520,PROD_20,50000,2,Electronics
ITEM_0521,ORD_0521,PROD_21,10000,3,Clothing
ITEM_0522,ORD_0522,PROD_22,25000,4,Clothing
ITEM_0523,ORD_0523,PROD_23,50000,4,Electronics
ITEM_0524,ORD_0524,PROD_24,50000,4,Electronics
ITEM_0525,ORD_0525,PROD_25,10000,3,Clothing
ITEM_0526,ORD_0526,PROD_26,25000,4,Electronics
ITEM_0527,ORD_0527,PROD_27,25000,4,Clothing
ITEM_0528,ORD_0528,PROD_28,50000,3,Clothing
ITEM_0529,ORD_0529,PROD_29,25000,4,Clothing
ITEM_0530,ORD_0530,PROD_30,25000,1,Electronics
ITEM_0531,ORD_0531,PROD_31,10000,1,Electronics
ITEM_0532,ORD_0532,PROD_32,50000,1,Clothing
ITEM_0533,ORD_0533,PROD_33,10000,2,
ITEM_0534,ORD_0534,PROD_34,50000,2,Electronics
ITEM_0535,ORD_0535,PROD_35,25000,3,Electronics
ITEM_0536,ORD_0536,PROD_36,25000,4,
ITEM_0537,ORD_0537,PROD_37,10000,2,Electronics
ITEM_0538,ORD_0538,PROD_38,50000,4,
ITEM_0539,ORD_0539,PROD_39,25000,1,Electronics
ITEM_0540,ORD_0540,PROD_40,25000,4,Clothing
ITEM_0541,ORD_0541,PROD_41,10000,2,Clothing
ITEM_0542,ORD_0542,PROD_42,25000,1,Electronics
ITEM_0543,ORD_0543,PROD_43,10000,4,
ITEM_0544,ORD_0544,PROD_44,25000,1,Clothing
ITEM_0545,ORD_0545,PROD_45,10000,4,
ITEM_0546,ORD_0546,PROD_46,50000,2,Electronics
ITEM_0547,ORD_0547,PROD_47,50000,2,Clothing
ITEM_0548,ORD_0548,PROD_48,25000,1,Electronics
ITEM_0549,ORD_0549,PROD_49,50000,2,Clothing
ITEM_0550,ORD_0550,PROD_00,25000,4,Electronics
ITEM_0551,ORD_0551,PROD_01,50000,3,Electronics
ITEM_0552,ORD_0552,PROD_02,10000,3,Clothing
ITEM_0553,ORD_0553,PROD_03,50000,1,Electronics
ITEM_0554,ORD_0554,PROD_04,25000,3,Electronics
ITEM_0555,ORD_0555,PROD_05,50000,2,Clothing
ITEM_0556,ORD_0556,PROD_06,25000,2,Clothing
ITEM_0557,ORD_0557,PROD_07,10000,1,Clothing
ITEM_0558,ORD_0558,PROD_08,10000,3,Electronics
ITEM_0559,ORD_0559,PROD_09,10000,1,Clothing
ITEM_0560,ORD_0560,PROD_10,50000,4,Clothing
ITEM_0561,ORD_0561,PROD_11,10000,1,Clothing
ITEM_0562,ORD_0562,PROD_12,10000,4,
ITEM_0563,ORD_0563,PROD_13,25000,4,Clothing
ITEM_0564,ORD_0564,PROD_14,50000,1,Clothing
ITEM_0565,ORD_0565,PROD_15,50000,3,
ITEM_0566,ORD_0566,PROD_16,25000,3,Clothing
ITEM_0567,ORD_0567,PROD_17,10000,1,
ITEM_0568,ORD_0568,PROD_18,10000,2,Clothing
ITEM_0569,ORD_0569,PROD_19,10000,4,Clothing
ITEM_0570,ORD_0570,PROD_20,10000,4,Electronics
ITEM_0571,ORD_0571,PROD_21,10000,2,Clothing
ITEM_0572,ORD_0572,PROD_22,50000,3,Electronics
ITEM_0573,ORD_0573,PROD_23,50000,3,Clothing
ITEM_0574,ORD_0574,PROD_24,25000,4,Clothing
ITEM_0575,ORD_0575,PROD_25,10000,3,Clothing
ITEM_0576,ORD_0576,PROD_26,10000,4,Electronics
ITEM_0577,ORD_0577,PROD_27,25000,2,Electronics
ITEM_0578,ORD_0578,PROD_28,10000,3,Clothing
ITEM_0579,ORD_0579,PROD_29,10000,1,Clothing
ITEM_0580,ORD_0580,PROD_30,10000,2,Clothing
ITEM_0581,ORD_0581,PROD_31,25000,3,Electronics
ITEM_0582,ORD_0582,PROD_32,25000,2,Electronics
ITEM_0583,ORD_0583,PROD_33,10000,4,Electronics
ITEM_0584,ORD_0584,PROD_34,25000,1,Clothing
ITEM_0585,ORD_0585,PROD_35,10000,1,Electronics
ITEM_0586,ORD_0586,PROD_36,25000,2,Electronics
ITEM_0587,ORD_0587,PROD_37,10000,2,Electronics
ITEM_0588,ORD_0588,PROD_38,25000,1,Electronics
ITEM_0589,ORD_0589,PROD_39,10000,3,Clothing
ITEM_0590,ORD_0590,PROD_40,10000,2,Clothing
ITEM_0591,ORD_0591,PROD_41,25000,4,Clothing
ITEM_0592,ORD_0592,PROD_42,10000,3,Electronics
ITEM_0593,ORD_0593,PROD_43,50000,3,Electronics
ITEM_0594,ORD_0594,PROD_44,50000,4,
ITEM_0595,ORD_0595,PROD_45,10000,2,Clothing
ITEM_0596,ORD_0596,PROD_46,10000,1,Clothing
ITEM_0597,ORD_0597,PROD_47,50000,1,Clothing
ITEM_0598,ORD_0598,PROD_48,10000,3,Clothing
ITEM_0599,ORD_0599,PROD_49,25000,1,Electronics
ITEM_0600,ORD_0600,PROD_00,10000,4,Electronics
ITEM_0601,ORD_0601,PROD_01,10000,3,Electronics
ITEM_0602,ORD_0602,PROD_02,10000,1,Electronics
ITEM_0603,ORD_0603,PROD_03,50000,1,Electronics
ITEM_0604,ORD_0604,PROD_04,10000,1,Electronics
ITEM_0605,ORD_0605,PROD_05,25000,3,Clothing
ITEM_0606,ORD_0606,PROD_06,25000,3,Clothing
ITEM_0607,ORD_0607,PROD_07,10000,2,Electronics
ITEM_0608,ORD_0608,PROD_08,10000,4,Electronics
ITEM_0609,ORD_0609,PROD_09,25000,4,Clothing
ITEM_0610,ORD_0610,PROD_10,10000,2,Electronics
ITEM_0611,ORD_0611,PROD_11,10000,1,Clothing
ITEM_0612,ORD_0612,PROD_12,25000,2,Electronics
ITEM_0613,ORD_0613,PROD_13,10000,4,Electronics
ITEM_0614,ORD_0614,PROD_14,25000,4,Clothing
ITEM_0615,ORD_0615,PROD_15,10000,2,Electronics
ITEM_0616,ORD_0616,PROD_16,50000,2,Clothing
ITEM_0617,ORD_0617,PROD_17,50000,1,Electronics
ITEM_0618,ORD_0618,PROD_18,25000,4,Electronics
ITEM_0619,ORD_0619,PROD_19,10000,4,Electronics
ITEM_0620,ORD_0620,PROD_20,25000,1,Clothing
ITEM_0621,ORD_0621,PROD_21,10000,1,Clothing
ITEM_0622,ORD_0622,PROD_22,25000,4,Clothing
ITEM_0623,ORD_0623,PROD_23,50000,4,
ITEM_0624,ORD_0624,PROD_24,25000,3,
ITEM_0625,ORD_0625,PROD_25,10000,2,Electronics
ITEM_0626,ORD_0626,PROD_26,10000,3,Electronics
ITEM_0627,ORD_0627,PROD_27,10000,4,Electronics
ITEM_0628,ORD_0628,PROD_28,10000,3,Electronics
ITEM_0629,ORD_0629,PROD_29,25000,4,Electronics
ITEM_0630,ORD_0630,PROD_30,10000,2,Clothing
ITEM_0631,ORD_0631,PROD_31,50000,2,Clothing
ITEM_0632,ORD_0632,PROD_32,25000,3,Electronics
ITEM_0633,ORD_0633,PROD_33,25000,4,Clothing
ITEM_0634,ORD_0634,PROD_34,25000,3,Clothing
ITEM_0635,ORD_0635,PROD_35,50000,3,Electronics
ITEM_0636,ORD_0636,PROD_36,25000,3,Electronics
ITEM_0637,ORD_0637,PROD_37,25000,1,Electronics
ITEM_0638,ORD_0638,PROD_38,10000,4,
ITEM_0639,ORD_0639,PROD_39,25000,3,Electronics
ITEM_0640,ORD_0640,PROD_40,50000,2,Electronics
ITEM_0641,ORD_0641,PROD_41,25000,1,Electronics
ITEM_0642,ORD_0642,PROD_42,10000,4,Clothing
ITEM_0643,ORD_0643,PROD_43,25000,4,Electronics
ITEM_0644,ORD_0644,PROD_44,10000,3,Electronics
ITEM_0645,ORD_0645,PROD_45,25000,1,Clothing
ITEM_0646,ORD_0646,PROD_46,50000,1,Electronics
ITEM_0647,ORD_0647,PROD_47,50000,3,Clothing
ITEM_0648,ORD_0648,PROD_48,25000,4,Electronics
ITEM_0649,ORD_0649,PROD_49,50000,2,Electronics
ITEM_0650,ORD_0650,PROD_00,25000,3,Electronics
ITEM_0651,ORD_0651,PROD_01,25000,1,Clothing
ITEM_0652,ORD_0652,PROD_02,50000,3,Clothing
ITEM_0653,ORD_0653,PROD_03,10000,4,Electronics
ITEM_0654,ORD_0654,PROD_04,10000,1,Electronics
ITEM_0655,ORD_0655,PROD_05,10000,2,Clothing
ITEM_0656,ORD_0656,PROD_06,50000,4,Clothing
ITEM_0657,ORD_0657,PROD_07,50000,2,Electronics
ITEM_0658,ORD_0658,PROD_08,50000,2,Electronics
ITEM_0659,ORD_0659,PROD_09,50000,3,Electronics
ITEM_0660,ORD_0660,PROD_10,10000,2,
ITEM_0661,ORD_0661,PROD_11,25000,2,Electronics
ITEM_0662,ORD_0662,PROD_12,25000,3,Clothing
ITEM_0663,ORD_0663,PROD_13,25000,1,Clothing
ITEM_0664,ORD_0664,PROD_14,50000,3,Electronics
ITEM_0665,ORD_0665,PROD_15,25000,2,Electronics
ITEM_0666,ORD_0666,PROD_16,50000,1,Clothing
ITEM_0667,ORD_0667,PROD_17,25000,4,Clothing
ITEM_0668,ORD_0668,PROD_18,50000,3,Electronics
ITEM_0669,ORD_0669,PROD_19,10000,2,Clothing
ITEM_0670,ORD_0670,PROD_20,10000,3,Clothing
ITEM_0671,ORD_0671,PROD_21,25000,4,Electronics
ITEM_0672,ORD_0672,PROD_22,50000,4,Electronics
ITEM_0673,ORD_0673,PROD_23,25000,1,Electronics
ITEM_0674,ORD_0674,PROD_24,10000,1,Clothing
ITEM_0675,ORD_0675,PROD_25,10000,2,Clothing
ITEM_0676,ORD_0676,PROD_26,50000,3,Clothing
ITEM_0677,ORD_0677,PROD_27,25000,1,Electronics
ITEM_0678,ORD_0678,PROD_28,10000,2,Electronics
ITEM_0679,ORD_0679,PROD_29,50000,4,
ITEM_0680,ORD_0680,PROD_30,50000,1,Clothing
ITEM_0681,ORD_0681,PROD_31,10000,4,Clothing
ITEM_0682,ORD_0682,PROD_32,10000,1,Clothing
ITEM_0683,ORD_0683,PROD_33,25000,1,Clothing
ITEM_0684,ORD_0684,PROD_34,50000,1,Clothing
ITEM_0685,ORD_0685,PROD_35,25000,1,Clothing
ITEM_0686,ORD_0686,PROD_36,50000,1,Clothing
ITEM_0687,ORD_0687,PROD_37,25000,4,Clothing
ITEM_0688,ORD_0688,PROD_38,50000,3,Electronics
ITEM_0689,ORD_0689,PROD_39,25000,2,Clothing
ITEM_0690,ORD_0690,PROD_40,50000,4,Clothing
ITEM_0691,ORD_0691,PROD_41,25000,3,Clothing
ITEM_0692,ORD_0692,PROD_42,50000,4,Clothing
ITEM_0693,ORD_0693,PROD_43,25000,3,Electronics
ITEM_0694,ORD_0694,PROD_44,50000,3,Clothing
ITEM_0695,ORD_0695,PROD_45,25000,4,Clothing
ITEM_0696,ORD_0696,PROD_46,50000,2,Clothing
ITEM_0697,ORD_0697,PROD_47,25000,1,Clothing
ITEM_0698,ORD_0698,PROD_48,50000,4,Electronics
ITEM_0699,ORD_0699,PROD_49,10000,4,Clothing
ITEM_0700,ORD_0700,PROD_00,50000,3,Electronics
ITEM_0701,ORD_0701,PROD_01,25000,1,Electronics
ITEM_0702,ORD_0702,PROD_02,10000,4,Electronics
ITEM_0703,ORD_0703,PROD_03,25000,3,Clothing
ITEM_0704,ORD_0704,PROD_04,10000,2,Electronics
ITEM_0705,ORD_0705,PROD_05,50000,2,Clothing
ITEM_0706,ORD_0706,PROD_06,50000,3,Electronics
ITEM_0707,ORD_0707,PROD_07,10000,1,
ITEM_0708,ORD_0708,PROD_08,50000,2,Clothing
ITEM_0709,ORD_0709,PROD_09,50000,4,
ITEM_0710,ORD_0710,PROD_10,25000,1,Electronics
ITEM_0711,ORD_0711,PROD_11,50000,4,Clothing
ITEM_0712,ORD_0712,PROD_12,25000,1,Electronics
ITEM_0713,ORD_0713,PROD_13,10000,4,Electronics
ITEM_0714,ORD_0714,PROD_14,10000,2,Electronics
ITEM_0715,ORD_0715,PROD_15,10000,4,Clothing
ITEM_0716,ORD_0716,PROD_16,50000,1,Clothing
ITEM_0717,ORD_0717,PROD_17,10000,2,Electronics
ITEM_0718,ORD_0718,PROD_18,25000,1,Clothing
ITEM_0719,ORD_0719,PROD_19,50000,1,Electronics
ITEM_0720,ORD_0720,PROD_20,50000,3,Clothing
ITEM_0721,ORD_0721,PROD_21,10000,1,Clothing
ITEM_0722,ORD_0722,PROD_22,25000,1,
ITEM_0723,ORD_INVALID_723,PROD_23,10000,1,Electronics
ITEM_0724,ORD_INVALID_724,PROD_24,50000,4,Clothing
ITEM_0725,ORD_INVALID_725,PROD_25,10000,1,Clothing
ITEM_0726,ORD_INVALID_726,PROD_26,10000,3,Electronics
ITEM_0727,ORD_INVALID_727,PROD_27,50000,1,Electronics
ITEM_0728,ORD_INVALID_728,PROD_28,25000,1,Clothing
ITEM_0729,ORD_INVALID_729,PROD_29,10000,4,Electronics
ITEM_0730,ORD_INVALID_730,PROD_30,50000,3,Electronics
ITEM_0731,ORD_INVALID_731,PROD_31,50000,4,Electronics
ITEM_0732,ORD_INVALID_732,PROD_32,10000,3,Clothing
ITEM_0733,ORD_INVALID_733,PROD_33,10000,2,Clothing
ITEM_0734,ORD_INVALID_734,PROD_34,25000,3,Clothing
ITEM_0735,ORD_INVALID_735,PROD_35,10000,3,Electronics
ITEM_0736,ORD_INVALID_736,PROD_36,10000,1,
ITEM_0737,ORD_INVALID_737,PROD_37,50000,4,Electronics
ITEM_0738,ORD_INVALID_738,PROD_38,50000,4,
ITEM_0739,ORD_INVALID_739,PROD_39,50000,3,Electronics
ITEM_0740,ORD_INVALID_740,PROD_40,10000,4,Electronics
ITEM_0741,ORD_INVALID_741,PROD_41,25000,3,Electronics
ITEM_0742,ORD_INVALID_742,PROD_42,25000,1,Clothing
ITEM_0743,ORD_INVALID_743,PROD_43,50000,2,Electronics
ITEM_0744,ORD_INVALID_744,PROD_44,10000,2,Electronics
ITEM_0745,ORD_INVALID_745,PROD_45,10000,3,Clothing
ITEM_0746,ORD_INVALID_746,PROD_46,10000,4,Electronics
ITEM_0747,ORD_INVALID_747,PROD_47,50000,4,Electronics
ITEM_0748,ORD_INVALID_748,PROD_48,10000,3,Clothing
ITEM_0749,ORD_INVALID_749,PROD_49,10000,1,Clothing
ITEM_0750,ORD_INVALID_750,PROD_00,10000,3,Clothing
ITEM_0751,ORD_INVALID_751,PROD_01,10000,1,Clothing
ITEM_0752,ORD_INVALID_752,PROD_02,50000,1,Electronics
