order_id,customer_id,status
ORD_0001,CUST_0001,completed
ORD_0002,CUST_0002,completed
ORD_0003,CUST_0003,completed
ORD_0004,CUST_0004,completed
ORD_0005,CUST_0005,cancelled
ORD_0006,CUST_0006,completed
ORD_0007,CUST_0007,pending
ORD_0008,CUST_0008,completed
ORD_0009,CUST_0009,cancelled
ORD_0010,CUST_0010,pending
ORD_0011,CUST_0011,completed
ORD_0012,CUST_0012,completed
ORD_0013,CUST_0013,cancelled
ORD_0014,CUST_0014,completed
ORD_0015,CUST_0015,completed
ORD_0016,CUST_0016,cancelled
ORD_0017,CUST_0017,completed
ORD_0018,CUST_0018,completed
ORD_0019,CUST_0019,pending
ORD_0020,CUST_0020,cancelled
ORD_0021,CUST_0021,completed
ORD_0022,CUST_0022,cancelled
ORD_0023,CUST_0023,cancelled
ORD_0024,CUST_0024,completed
ORD_0025,CUST_0025,completed
ORD_0026,CUST_0026,completed
ORD_0027,CUST_0027,cancelled
ORD_0028,CUST_0028,completed
ORD_0029,CUST_0029,completed
ORD_0030,CUST_0030,completed
ORD_0031,CUST_0031,pending
ORD_0032,CUST_0032,cancelled
ORD_0033,CUST_0033,completed
ORD_0034,CUST_0034,completed
ORD_0035,CUST_0035,completed
ORD_0036,CUST_0036,cancelled
ORD_0037,CUST_0037,pending
ORD_0038,CUST_0038,completed
ORD_0039,CUST_0039,completed
ORD_0040,CUST_0040,pending
ORD_0041,CUST_0041,pending
ORD_0042,CUST_0042,completed
ORD_0043,CUST_0043,pending
ORD_0044,CUST_0044,completed
ORD_0045,CUST_0045,pending
ORD_0046,CUST_0046,completed
ORD_0047,CUST_0047,completed
ORD_0048,CUST_0048,completed
ORD_0049,CUST_0049,cancelled
ORD_0050,CUST_0050,cancelled
ORD_0051,CUST_0051,completed
ORD_0052,CUST_0052,pending
ORD_0053,CUST_0053,pending
ORD_0054,CUST_0054,completed
ORD_0055,CUST_0055,pending
ORD_0056,CUST_0056,completed
ORD_0057,CUST_0057,completed
ORD_0058,CUST_0058,completed
ORD_0059,CUST_0059,completed
ORD_0060,CUST_0060,completed
ORD_0061,CUST_0061,completed
ORD_0062,CUST_0062,completed
ORD_0063,CUST_0063,completed
ORD_0064,CUST_0064,completed
ORD_0065,CUST_0065,completed
ORD_0066,CUST_0066,completed
ORD_0067,CUST_0067,completed
ORD_0068,CUST_0068,pending
ORD_0069,CUST_0069,completed
ORD_0070,CUST_0070,completed
ORD_0071,CUST_0071,cancelled
ORD_0072,CUST_0072,completed
ORD_0073,CUST_0073,completed
ORD_0074,CUST_0074,pending
ORD_0075,CUST_0075,pending
ORD_0076,CUST_0076,pending
ORD_0077,CUST_0077,cancelled
ORD_0078,CUST_0078,completed
ORD_0079,CUST_0079,completed
ORD_0080,CUST_0080,completed
ORD_0081,CUST_0081,pending
ORD_0082,CUST_0082,completed
ORD_0083,CUST_0083,completed
ORD_0084,CUST_0084,completed
ORD_0085,CUST_0085,cancelled
ORD_0086,CUST_0086,completed
ORD_0087,CUST_0087,pending
ORD_0088,CUST_0088,cancelled
ORD_0089,CUST_0089,completed
ORD_0090,CUST_0090,completed
ORD_0091,CUST_0091,completed
ORD_0092,CUST_0092,pending
ORD_0093,CUST_0093,completed
ORD_0094,CUST_0094,completed
ORD_0095,CUST_0095,completed
ORD_0096,CUST_0096,completed
ORD_0097,CUST_0097,pending
ORD_0098,CUST_0098,completed
ORD_0099,CUST_0099,completed
ORD_0100,CUST_0100,cancelled
ORD_0101,CUST_0101,pending
ORD_0102,CUST_0102,completed
ORD_0103,CUST_0103,completed
ORD_0104,CUST_0104,completed
ORD_0105,CUST_0105,completed
ORD_0106,CUST_0106,completed
ORD_0107,CUST_0107,completed
ORD_0108,CUST_0108,pending
ORD_0109,CUST_0109,completed
ORD_0110,CUST_0110,completed
ORD_0111,CUST_0111,completed
ORD_0112,CUST_0112,completed
ORD_0113,CUST_0113,cancelled
ORD_0114,CUST_0114,pending
ORD_0115,CUST_0115,completed
ORD_0116,CUST_0116,cancelled
ORD_0117,CUST_0117,completed
ORD_0118,CUST_0118,completed
ORD_0119,CUST_0119,completed
ORD_0120,CUST_0120,pending
ORD_0121,CUST_0121,completed
ORD_0122,CUST_0122,pending
ORD_0123,CUST_0123,completed
ORD_0124,CUST_0124,pending
ORD_0125,CUST_0125,completed
ORD_0126,CUST_0126,cancelled
ORD_0127,CUST_0127,completed
ORD_0128,CUST_0128,pending
ORD_0129,CUST_0129,completed
ORD_0130,CUST_0130,cancelled
ORD_0131,CUST_0131,completed
ORD_0132,CUST_0132,cancelled
ORD_0133,CUST_0133,completed
ORD_0134,CUST_0134,completed
ORD_0135,CUST_0135,cancelled
ORD_0136,CUST_0136,completed
ORD_0137,CUST_0137,pending
ORD_0138,CUST_0138,completed
ORD_0139,CUST_0139,completed
ORD_0140,CUST_0140,completed
ORD_0141,CUST_0141,completed
ORD_0142,CUST_0142,cancelled
ORD_0143,CUST_0143,cancelled
ORD_0144,CUST_0144,cancelled
ORD_0145,CUST_0145,completed
ORD_0146,CUST_0146,cancelled
ORD_0147,CUST_0147,completed
ORD_0148,CUST_0148,completed
ORD_0149,CUST_0149,pending
ORD_0150,CUST_0150,completed
ORD_0151,CUST_0151,completed
ORD_0152,CUST_0152,completed
ORD_0153,CUST_0153,completed
ORD_0154,CUST_0154,pending
ORD_0155,CUST_0155,pending
ORD_0156,CUST_0156,cancelled
ORD_0157,CUST_0157,completed
ORD_0158,CUST_0158,pending
ORD_0159,CUST_0159,completed
ORD_0160,CUST_0160,completed
ORD_0161,CUST_0161,completed
ORD_0162,CUST_0162,cancelled
ORD_0163,CUST_0163,completed
ORD_0164,CUST_0164,cancelled
ORD_0165,CUST_0165,pending
ORD_0166,CUST_0166,cancelled
ORD_0167,CUST_0167,pending
ORD_0168,CUST_0168,cancelled
ORD_0169,CUST_0169,completed
ORD_0170,CUST_0170,pending
ORD_0171,CUST_0171,pending
ORD_0172,CUST_0172,pending
ORD_0173,CUST_0173,cancelled
ORD_0174,CUST_0174,pending
ORD_0175,CUST_0175,completed
ORD_0176,CUST_0176,completed
ORD_0177,CUST_0177,completed
ORD_0178,CUST_0178,completed
ORD_0179,CUST_0179,completed
ORD_0180,CUST_0180,completed
ORD_0181,CUST_0181,pending
ORD_0182,CUST_0182,completed
ORD_0183,CUST_0183,completed
ORD_0184,CUST_0184,completed
ORD_0185,CUST_0185,completed
ORD_0186,CUST_0186,cancelled
ORD_0187,CUST_0187,pending
ORD_0188,CUST_0188,pending
ORD_0189,CUST_0189,completed
ORD_0190,CUST_0190,pending
ORD_0191,CUST_0191,pending
ORD_0192,CUST_0192,completed
ORD_0193,CUST_0193,pending
ORD_0194,CUST_0194,pending
ORD_0195,CUST_0195,pending
ORD_0196,CUST_0196,pending
ORD_0197,CUST_0197,completed
ORD_0198,CUST_0198,completed
ORD_0199,CUST_0199,completed
ORD_0200,CUST_0200,cancelled
ORD_0201,CUST_0201,completed
ORD_0202,CUST_0202,completed
ORD_0203,CUST_0203,completed
ORD_0204,CUST_0204,completed
ORD_0205,CUST_0205,completed
ORD_0206,CUST_0206,cancelled
ORD_0207,CUST_0207,pending
ORD_0208,CUST_0208,completed
ORD_0209,CUST_0209,completed
ORD_0210,CUST_0210,pending
ORD_0211,CUST_0211,cancelled
ORD_0212,CUST_0212,completed
ORD_0213,CUST_0213,completed
ORD_0214,CUST_0214,completed
ORD_0215,CUST_0215,completed
ORD_0216,CUST_0216,completed
ORD_0217,CUST_0217,completed
ORD_0218,CUST_0218,completed
ORD_0219,CUST_0219,pending
ORD_0220,CUST_0220,pending
ORD_0221,CUST_0221,pending
ORD_0222,CUST_0222,pending
ORD_0223,CUST_0223,completed
ORD_0224,CUST_0224,completed
ORD_0225,CUST_0225,cancelled
ORD_0226,CUST_0226,pending
ORD_0227,CUST_0227,completed
ORD_0228,CUST_0228,completed
ORD_0229,CUST_0229,completed
ORD_0230,CUST_0230,cancelled
ORD_0231,CUST_0231,pending
ORD_0232,CUST_0232,cancelled
ORD_0233,CUST_0233,completed
ORD_0234,CUST_0234,completed
ORD_0235,CUST_0235,cancelled
ORD_0236,CUST_0236,pending
ORD_0237,CUST_0237,completed
ORD_0238,CUST_0238,completed
ORD_0239,CUST_0239,pending
ORD_0240,CUST_0240,completed
ORD_0241,CUST_0241,pending
ORD_0242,CUST_0242,completed
ORD_0243,CUST_0243,completed
ORD_0244,CUST_0244,cancelled
ORD_0245,CUST_0245,completed
ORD_0246,CUST_0246,completed
ORD_0247,CUST_0247,completed
ORD_0248,CUST_0248,completed
ORD_0249,CUST_0249,completed
ORD_0250,CUST_0250,cancelled
ORD_0251,CUST_0251,completed
ORD_0252,CUST_0252,completed
ORD_0253,CUST_0253,pending
ORD_0254,CUST_0254,completed
ORD_0255,CUST_0255,pending
ORD_0256,CUST_0256,completed
ORD_0257,CUST_0257,completed
ORD_0258,CUST_0258,pending
ORD_0259,CUST_0259,completed
ORD_0260,CUST_0260,cancelled
ORD_0261,CUST_0261,cancelled
ORD_0262,CUST_0262,completed
ORD_0263,CUST_0263,cancelled
ORD_0264,CUST_0264,completed
ORD_0265,CUST_0265,completed
ORD_0266,CUST_0266,completed
ORD_0267,CUST_0267,completed
ORD_0268,CUST_0268,completed
ORD_0269,CUST_0269,pending
ORD_0270,CUST_0270,cancelled
ORD_0271,CUST_0271,completed
ORD_0272,CUST_0272,pending
ORD_0273,CUST_0273,completed
ORD_0274,CUST_0274,completed
ORD_0275,CUST_0275,pending
ORD_0276,CUST_0276,completed
ORD_0277,CUST_0277,completed
ORD_0278,CUST_0278,completed
ORD_0279,CUST_0279,completed
ORD_0280,CUST_0280,completed
ORD_0281,CUST_0281,cancelled
ORD_0282,CUST_0282,completed
ORD_0283,CUST_0283,cancelled
ORD_0284,CUST_0284,completed
ORD_0285,CUST_0285,cancelled
ORD_0286,CUST_0286,completed
ORD_0287,CUST_0287,completed
ORD_0288,CUST_0288,cancelled
ORD_0289,CUST_0289,completed
ORD_0290,CUST_0290,pending
ORD_0291,CUST_0291,pending
ORD_0292,CUST_0292,cancelled
ORD_0293,CUST_0293,completed
ORD_0294,CUST_0294,pending
ORD_0295,CUST_0295,completed
ORD_0296,CUST_0296,cancelled
ORD_0297,CUST_0297,cancelled
ORD_0298,CUST_0298,completed
ORD_0299,CUST_0299,pending
ORD_0300,CUST_0300,completed
ORD_0301,CUST_0301,completed
ORD_0302,CUST_0302,completed
ORD_0303,CUST_0303,pending
ORD_0304,CUST_0304,completed
ORD_0305,CUST_0305,completed
ORD_0306,CUST_0306,completed
ORD_0307,CUST_0307,completed
ORD_0308,CUST_0308,completed
ORD_0309,CUST_0309,pending
ORD_0310,CUST_0310,pending
ORD_0311,CUST_0311,completed
ORD_0312,CUST_0312,pending
ORD_0313,CUST_0313,completed
ORD_0314,CUST_0314,completed
ORD_0315,CUST_0315,completed
ORD_0316,CUST_0316,completed
ORD_0317,CUST_0317,completed
ORD_0318,CUST_0318,completed
ORD_0319,CUST_0319,cancelled
ORD_0320,CUST_0320,cancelled
ORD_0321,CUST_0321,pending
ORD_0322,CUST_0322,completed
ORD_0323,CUST_0323,completed
ORD_0324,CUST_0324,completed
ORD_0325,CUST_0325,completed
ORD_0326,CUST_0326,pending
ORD_0327,CUST_0327,completed
ORD_0328,CUST_0328,pending
ORD_0329,CUST_0329,pending
ORD_0330,CUST_0330,completed
ORD_0331,CUST_0331,cancelled
ORD_0332,CUST_0332,completed
ORD_0333,CUST_0333,completed
ORD_0334,CUST_0334,completed
ORD_0335,CUST_0335,cancelled
ORD_0336,CUST_0336,completed
ORD_0337,CUST_0337,cancelled
ORD_0338,CUST_0338,completed
ORD_0339,CUST_0339,pending
ORD_0340,CUST_0340,cancelled
ORD_0341,CUST_0341,completed
ORD_0342,CUST_0342,pending
ORD_0343,CUST_0343,completed
ORD_0344,CUST_0344,pending
ORD_0345,CUST_0345,completed
ORD_0346,CUST_0346,cancelled
ORD_0347,CUST_0347,completed
ORD_0348,CUST_0348,pending
ORD_0349,CUST_0349,pending
ORD_0350,CUST_0350,completed
ORD_0351,CUST_0351,cancelled
ORD_0352,CUST_0352,cancelled
ORD_0353,CUST_0353,cancelled
ORD_0354,CUST_0354,cancelled
ORD_0355,CUST_0355,cancelled
ORD_0356,CUST_0356,completed
ORD_0357,CUST_0357,completed
ORD_0358,CUST_0358,cancelled
ORD_0359,CUST_0359,pending
ORD_0360,CUST_0360,completed
ORD_0361,CUST_0361,cancelled
ORD_0362,CUST_0362,cancelled
ORD_0363,CUST_0363,pending
ORD_0364,CUST_0364,pending
ORD_0365,CUST_0365,cancelled
ORD_0366,CUST_0366,completed
ORD_0367,CUST_0367,cancelled
ORD_0368,CUST_0368,pending
ORD_0369,CUST_0369,completed
ORD_0370,CUST_0370,completed
ORD_0371,CUST_0371,completed
ORD_0372,CUST_0372,completed
ORD_0373,CUST_0373,pending
ORD_0374,CUST_0374,completed
ORD_0375,CUST_0375,completed
ORD_0376,CUST_0376,completed
ORD_0377,CUST_0377,completed
ORD_0378,CUST_0378,completed
ORD_0379,CUST_0379,completed
ORD_0380,CUST_0380,cancelled
ORD_0381,CUST_0381,pending
ORD_0382,CUST_0382,completed
ORD_0383,CUST_0383,completed
ORD_0384,CUST_0384,completed
ORD_0385,CUST_0385,completed
ORD_0386,CUST_0386,cancelled
ORD_0387,CUST_0387,completed
ORD_0388,CUST_0388,completed
ORD_0389,CUST_0389,completed
ORD_0390,CUST_0390,completed
ORD_0391,CUST_0391,completed
ORD_0392,CUST_0392,completed
ORD_0393,CUST_0393,completed
ORD_0394,CUST_0394,completed
ORD_0395,CUST_0395,completed
ORD_0396,CUST_0396,completed
ORD_0397,CUST_0397,completed
ORD_0398,CUST_0398,completed
ORD_0399,CUST_0399,completed
ORD_0400,CUST_0400,pending
ORD_0401,CUST_0401,pending
ORD_0402,CUST_0402,completed
ORD_0403,CUST_0403,completed
ORD_0404,CUST_0404,pending
ORD_0405,CUST_0405,completed
ORD_0406,CUST_0406,pending
ORD_0407,CUST_0407,completed
ORD_0408,CUST_0408,cancelled
ORD_0409,CUST_0409,completed
ORD_0410,CUST_0410,completed
ORD_0411,CUST_0411,completed
ORD_0412,CUST_0412,completed
ORD_0413,CUST_0413,pending
ORD_0414,CUST_0414,cancelled
ORD_0415,CUST_0415,pending
ORD_0416,CUST_0416,pending
ORD_0417,CUST_0417,completed
ORD_0418,CUST_0418,pending
ORD_0419,CUST_0419,completed
ORD_0420,CUST_0420,completed
ORD_0421,CUST_0421,completed
ORD_0422,CUST_0422,completed
ORD_0423,CUST_0423,completed
ORD_0424,CUST_0424,completed
ORD_0425,CUST_0425,cancelled
ORD_0426,CUST_0426,completed
ORD_0427,CUST_0427,cancelled
ORD_0428,CUST_0428,cancelled
ORD_0429,CUST_0429,pending
ORD_0430,CUST_0430,completed
ORD_0431,CUST_0431,pending
ORD_0432,CUST_0432,pending
ORD_0433,CUST_0433,completed
ORD_0434,CUST_0434,completed
ORD_0435,CUST_0435,completed
ORD_0436,CUST_0436,completed
ORD_0437,CUST_0437,completed
ORD_0438,CUST_0438,cancelled
ORD_0439,CUST_0439,cancelled
ORD_0440,CUST_0440,completed
ORD_0441,CUST_0441,cancelled
ORD_0442,CUST_0442,cancelled
ORD_0443,CUST_0443,completed
ORD_0444,CUST_0444,cancelled
ORD_0445,CUST_0445,completed
ORD_0446,CUST_0446,pending
ORD_0447,CUST_0447,cancelled
ORD_0448,CUST_0448,completed
ORD_0449,CUST_0449,cancelled
ORD_0450,CUST_0450,completed
ORD_0451,CUST_0451,cancelled
ORD_0452,CUST_0452,completed
ORD_0453,CUST_0453,pending
ORD_0454,CUST_0454,cancelled
ORD_0455,CUST_0455,completed
ORD_0456,CUST_0456,pending
ORD_0457,CUST_0457,completed
ORD_0458,CUST_0458,cancelled
ORD_0459,CUST_0459,completed
ORD_0460,CUST_0460,completed
ORD_0461,CUST_0461,completed
ORD_0462,CUST_0462,cancelled
ORD_0463,CUST_0463,completed
ORD_0464,CUST_0464,cancelled
ORD_0465,CUST_0465,cancelled
ORD_0466,CUST_0466,cancelled
ORD_0467,CUST_0467,cancelled
ORD_0468,CUST_0468,pending
ORD_0469,CUST_0469,cancelled
ORD_0470,CUST_0470,pending
ORD_0471,CUST_0471,completed
ORD_0472,CUST_0472,completed
ORD_0473,CUST_0473,completed
ORD_0474,CUST_0474,pending
ORD_0475,CUST_0475,completed
ORD_0476,CUST_0476,completed
ORD_0477,CUST_0477,pending
ORD_0478,CUST_0478,completed
ORD_0479,CUST_0479,pending
ORD_0480,CUST_0480,cancelled
ORD_0481,CUST_0481,completed
ORD_0482,CUST_0482,completed
ORD_0483,CUST_0483,completed
ORD_0484,CUST_0484,cancelled
ORD_0485,CUST_0485,completed
ORD_0486,CUST_0486,completed
ORD_0487,CUST_0487,completed
ORD_0488,CUST_0488,completed
ORD_0489,CUST_0489,completed
ORD_0490,CUST_0490,completed
ORD_0491,CUST_0491,pending
ORD_0492,CUST_0492,completed
ORD_0493,CUST_0493,pending
ORD_0494,CUST_0494,cancelled
ORD_0495,CUST_0495,cancelled
ORD_0496,CUST_0496,completed
ORD_0497,CUST_0497,cancelled
ORD_0498,CUST_0498,pending
ORD_0499,CUST_0499,completed
ORD_0500,CUST_0500,pending
ORD_0501,CUST_0501,completed
ORD_0502,CUST_0502,completed
ORD_0503,CUST_0503,pending
ORD_0504,CUST_0504,completed
ORD_0505,CUST_0505,cancelled
ORD_0506,CUST_0506,completed
ORD_0507,CUST_0507,pending
ORD_0508,CUST_0508,cancelled
ORD_0509,CUST_0509,pending
ORD_0510,CUST_0510,completed
ORD_0511,CUST_0511,pending
ORD_0512,CUST_0512,completed
ORD_0513,CUST_0513,pending
ORD_0514,CUST_0514,pending
ORD_0515,CUST_0515,completed
ORD_0516,CUST_0516,completed
ORD_0517,CUST_0517,pending
ORD_0518,CUST_0518,completed
ORD_0519,CUST_0519,completed
ORD_0520,CUST_0520,completed
ORD_0521,CUST_0521,completed
ORD_0522,CUST_0522,cancelled
ORD_0523,CUST_0523,completed
ORD_0524,CUST_0524,completed
ORD_0525,CUST_0525,pending
ORD_0526,CUST_0526,cancelled
ORD_0527,CUST_0527,completed
ORD_0528,CUST_0528,completed
ORD_0529,CUST_0529,completed
ORD_0530,CUST_0530,completed
ORD_0531,CUST_0531,pending
ORD_0532,CUST_0532,cancelled
ORD_0533,CUST_0533,completed
ORD_0534,CUST_0534,completed
ORD_0535,CUST_0535,cancelled
ORD_0536,CUST_0536,cancelled
ORD_0537,CUST_0537,completed
ORD_0538,CUST_0538,pending
ORD_0539,CUST_0539,cancelled
ORD_0540,CUST_0540,completed
ORD_0541,CUST_0541,cancelled
ORD_0542,CUST_0542,cancelled
ORD_0543,CUST_0543,pending
ORD_0544,CUST_0544,completed
ORD_0545,CUST_0545,pending
ORD_0546,CUST_0546,pending
ORD_0547,CUST_0547,completed
ORD_0548,CUST_0548,cancelled
ORD_0549,CUST_0549,completed
ORD_0550,CUST_0550,cancelled
ORD_0551,CUST_0551,completed
ORD_0552,CUST_0552,completed
ORD_0553,CUST_0553,cancelled
ORD_0554,CUST_0554,cancelled
ORD_0555,CUST_0555,completed
ORD_0556,CUST_0556,completed
ORD_0557,CUST_0557,completed
ORD_0558,CUST_0558,completed
ORD_0559,CUST_0559,cancelled
ORD_0560,CUST_0560,completed
ORD_0561,CUST_0561,completed
ORD_0562,CUST_0562,completed
ORD_0563,CUST_0563,pending
ORD_0564,CUST_0564,completed
ORD_0565,CUST_0565,completed
ORD_0566,CUST_0566,completed
ORD_0567,CUST_0567,cancelled
ORD_0568,CUST_0568,completed
ORD_0569,CUST_0569,completed
ORD_0570,CUST_0570,completed
ORD_0571,CUST_0571,completed
ORD_0572,CUST_0572,completed
ORD_0573,CUST_0573,cancelled
ORD_0574,CUST_0574,completed
ORD_0575,CUST_0575,cancelled
ORD_0576,CUST_0576,completed
ORD_0577,CUST_0577,completed
ORD_0578,CUST_0578,pending
ORD_0579,CUST_0579,cancelled
ORD_0580,CUST_0580,completed
ORD_0581,CUST_0581,pending
ORD_0582,CUST_0582,completed
ORD_0583,CUST_0583,cancelled
ORD_0584,CUST_0584,completed
ORD_0585,CUST_0585,completed
ORD_0586,CUST_0586,completed
ORD_0587,CUST_0587,cancelled
ORD_0588,CUST_0588,completed
ORD_0589,CUST_0589,cancelled
ORD_0590,CUST_0590,pending
ORD_0591,CUST_0591,cancelled
ORD_0592,CUST_0592,completed
ORD_0593,CUST_0593,pending
ORD_0594,CUST_0594,completed
ORD_0595,CUST_0595,pending
ORD_0596,CUST_0596,completed
ORD_0597,CUST_0597,cancelled
ORD_0598,CUST_0598,completed
ORD_0599,CUST_0599,completed
ORD_0600,CUST_0600,completed
ORD_0601,CUST_0601,completed
ORD_0602,CUST_0602,completed
ORD_0603,CUST_0603,completed
ORD_0604,CUST_0604,completed
ORD_0605,CUST_0605,completed
ORD_0606,CUST_0606,cancelled
ORD_0607,CUST_0607,pending
ORD_0608,CUST_0608,completed
ORD_0609,CUST_0609,pending
ORD_0610,CUST_0610,cancelled
ORD_0611,CUST_0611,cancelled
ORD_0612,CUST_0612,cancelled
ORD_0613,CUST_0613,cancelled
ORD_0614,CUST_0614,pending
ORD_0615,CUST_0615,pending
ORD_0616,CUST_0616,completed
ORD_0617,CUST_0617,cancelled
ORD_0618,CUST_0618,completed
ORD_0619,CUST_0619,completed
ORD_0620,CUST_0620,pending
ORD_0621,CUST_0621,cancelled
ORD_0622,CUST_0622,completed
ORD_0623,CUST_0623,completed
ORD_0624,CUST_0624,completed
ORD_0625,CUST_0625,completed
ORD_0626,CUST_0626,cancelled
ORD_0627,CUST_0627,pending
ORD_0628,CUST_0628,pending
ORD_0629,CUST_0629,completed
ORD_0630,CUST_0630,completed
ORD_0631,CUST_0631,completed
ORD_0632,CUST_0632,completed
ORD_0633,CUST_0633,completed
ORD_0634,CUST_0634,completed
ORD_0635,CUST_0635,cancelled
ORD_0636,CUST_0636,completed
ORD_0637,CUST_0637,completed
ORD_0638,CUST_0638,completed
ORD_0639,CUST_0639,completed
ORD_0640,CUST_0640,completed
ORD_0641,CUST_0641,completed
ORD_0642,CUST_0642,completed
ORD_0643,CUST_0643,pending
ORD_0644,CUST_0644,completed
ORD_0645,CUST_0645,pending
ORD_0646,CUST_0646,cancelled
ORD_0647,CUST_0647,completed
ORD_0648,CUST_0648,pending
ORD_0649,CUST_0649,completed
ORD_0650,CUST_0650,completed
ORD_0651,CUST_0651,cancelled
ORD_0652,CUST_0652,completed
ORD_0653,CUST_0653,completed
ORD_0654,CUST_0654,completed
ORD_0655,CUST_0655,completed
ORD_0656,CUST_0656,completed
ORD_0657,CUST_0657,pending
ORD_0658,CUST_0658,completed
ORD_0659,CUST_0659,completed
ORD_0660,CUST_0660,pending
ORD_0661,CUST_0661,completed
ORD_0662,CUST_0662,completed
ORD_0663,CUST_0663,cancelled
ORD_0664,CUST_0664,completed
ORD_0665,CUST_0665,cancelled
ORD_0666,CUST_0666,completed
ORD_0667,CUST_0667,cancelled
ORD_0668,CUST_0668,cancelled
ORD_0669,CUST_0669,cancelled
ORD_0670,CUST_0670,completed
ORD_0671,CUST_0671,completed
ORD_0672,CUST_0672,cancelled
ORD_0673,CUST_0673,pending
ORD_0674,CUST_0674,completed
ORD_0675,CUST_0675,completed
ORD_0676,CUST_0676,cancelled
ORD_0677,CUST_0677,completed
ORD_0678,CUST_0678,completed
ORD_0679,CUST_0679,pending
ORD_0680,CUST_0680,pending
ORD_0681,CUST_0681,pending
ORD_0682,CUST_0682,cancelled
ORD_0683,CUST_0683,pending
ORD_0684,CUST_0684,completed
ORD_0685,CUST_0685,cancelled
ORD_0686,CUST_0686,completed
ORD_0687,CUST_0687,cancelled
ORD_0688,CUST_0688,completed
ORD_0689,CUST_0689,cancelled
ORD_0690,CUST_0690,completed
ORD_0691,CUST_0691,cancelled
ORD_0692,CUST_0692,completed
ORD_0693,CUST_0693,completed
ORD_0694,CUST_0694,completed
ORD_0695,CUST_0695,cancelled
ORD_0696,CUST_0696,cancelled
ORD_0697,CUST_0697,completed
ORD_0698,CUST_0698,pending
ORD_0699,CUST_0699,cancelled
ORD_0700,CUST_0700,cancelled
ORD_0701,CUST_0701,cancelled
ORD_0702,CUST_0702,completed
ORD_0703,CUST_0703,completed
ORD_0704,CUST_0704,completed
ORD_0705,CUST_0705,completed
ORD_0706,CUST_0706,cancelled
ORD_0707,CUST_0707,pending
ORD_0708,CUST_0708,completed
ORD_0709,CUST_0709,cancelled
ORD_0710,CUST_0710,completed
ORD_0711,CUST_0711,cancelled
ORD_0712,CUST_0712,pending
ORD_0713,CUST_0713,completed
ORD_0714,CUST_0714,cancelled
ORD_0715,CUST_0715,completed
ORD_0716,CUST_0716,completed
ORD_0717,CUST_0717,completed
ORD_0718,CUST_0718,cancelled
ORD_0719,CUST_0719,completed
ORD_0720,CUST_0720,completed
ORD_0721,CUST_0721,cancelled
ORD_0722,CUST_0722,completed
ORD_0723,CUST_0723,cancelled
ORD_0724,CUST_0724,completed
ORD_0725,CUST_0725,pending
ORD_0726,CUST_0726,completed
ORD_0727,CUST_0727,completed
ORD_0728,CUST_0728,completed
ORD_0729,CUST_0729,completed
ORD_0730,CUST_0730,pending
ORD_0731,CUST_0731,pending
ORD_0732,CUST_0732,cancelled
ORD_0733,CUST_0733,completed
ORD_0734,CUST_0734,completed
ORD_0735,CUST_0735,completed
ORD_0736,CUST_0736,pending
ORD_0737,CUST_0737,completed
ORD_0738,CUST_0738,cancelled
ORD_0739,CUST_0739,completed
ORD_0740,CUST_0740,completed
ORD_0741,CUST_0741,pending
ORD_0742,CUST_0742,completed
ORD_0743,CUST_0743,completed
ORD_0744,CUST_0744,pending
ORD_0745,CUST_0745,completed
ORD_0746,CUST_0746,pending
ORD_0747,CUST_0747,completed
ORD_0748,CUST_0748,cancelled
ORD_0749,CUST_0749,completed
ORD_0750,CUST_0750,cancelled
ORD_0751,CUST_0751,completed
ORD_0752,CUST_0752,pending
ORD_0753,CUST_0753,completed
ORD_0754,CUST_0754,completed
ORD_0755,CUST_0755,pending
ORD_0756,CUST_0756,completed
ORD_0757,CUST_0757,completed
ORD_0758,CUST_0758,completed
ORD_0759,CUST_0759,pending
ORD_0760,CUST_0760,cancelled
ORD_0761,CUST_0761,completed
ORD_0762,CUST_0762,completed
ORD_0763,CUST_0763,completed
ORD_0764,CUST_0764,completed
ORD_0765,CUST_0765,completed
ORD_0766,CUST_0766,completed
ORD_0767,CUST_0767,completed
ORD_0768,CUST_0768,completed
ORD_0769,CUST_0769,cancelled
ORD_0770,CUST_0770,cancelled
ORD_0771,CUST_0771,completed
ORD_0772,CUST_0772,pending
ORD_0773,CUST_0773,completed
ORD_0774,CUST_0774,pending
ORD_0775,CUST_0775,completed
ORD_0776,CUST_0776,completed
ORD_0777,CUST_0777,completed
ORD_0778,CUST_0778,cancelled
ORD_0779,CUST_0779,completed
ORD_0780,CUST_0780,completed
ORD_0781,CUST_0781,cancelled
ORD_0782,CUST_0782,pending
ORD_0783,CUST_0783,completed
ORD_0784,CUST_0784,cancelled
ORD_0785,CUST_0785,pending
ORD_0786,CUST_0786,completed
ORD_0787,CUST_0787,completed
ORD_0788,CUST_0788,cancelled
ORD_0789,CUST_0789,pending
ORD_0790,CUST_0790,cancelled
ORD_0791,CUST_0791,completed
ORD_0792,CUST_0792,pending
ORD_0793,CUST_0793,completed
ORD_0794,CUST_0794,completed
ORD_0795,CUST_0795,completed
ORD_0796,CUST_0796,completed
ORD_0797,CUST_0797,completed
ORD_0798,CUST_0798,completed
ORD_0799,CUST_0799,completed
ORD_0800,CUST_0800,pending
ORD_0801,CUST_0801,completed
ORD_0802,CUST_0802,completed
ORD_0803,CUST_0803,pending
ORD_0804,CUST_0804,completed
ORD_0805,CUST_0805,cancelled
ORD_0806,CUST_0806,cancelled
ORD_0807,CUST_0807,completed
ORD_0808,CUST_0808,completed
ORD_0809,CUST_0809,pending
ORD_0810,CUST_0810,completed
ORD_0811,CUST_0811,pending
ORD_0812,CUST_0812,cancelled
ORD_0813,CUST_0813,completed
ORD_0814,CUST_0814,completed
ORD_0815,CUST_0815,pending
ORD_0816,CUST_0816,completed
ORD_0817,CUST_0817,completed
ORD_0818,CUST_0818,pending
ORD_0819,CUST_0819,cancelled
ORD_0820,CUST_0820,completed
ORD_0821,CUST_0821,completed
ORD_0822,CUST_0822,cancelled
ORD_0823,CUST_0823,completed
ORD_0824,CUST_0824,cancelled
ORD_0825,CUST_0825,cancelled
ORD_0826,CUST_0826,pending
ORD_0827,CUST_0827,pending
ORD_0828,CUST_0828,pending
ORD_0829,CUST_0829,completed
ORD_0830,CUST_0830,completed
ORD_0831,CUST_0831,completed
ORD_0832,CUST_0832,pending
ORD_0833,CUST_0833,cancelled
ORD_0834,CUST_0834,completed
ORD_0835,CUST_0835,cancelled
ORD_0836,CUST_0836,completed
ORD_0837,CUST_0837,cancelled
ORD_0838,CUST_0838,completed
ORD_0839,CUST_0839,completed
ORD_0840,CUST_0840,cancelled
ORD_0841,CUST_0841,pending
ORD_0842,CUST_0842,completed
ORD_0843,CUST_0843,pending
ORD_0844,CUST_0844,completed
ORD_0845,CUST_0845,pending
ORD_0846,CUST_0846,completed
ORD_0847,CUST_0847,completed
ORD_0848,CUST_0848,completed
ORD_0849,CUST_0849,pending
ORD_0850,CUST_0850,completed
ORD_0851,CUST_0851,completed
ORD_0852,CUST_0852,pending
ORD_0853,CUST_0853,cancelled
ORD_0854,CUST_0854,pending
ORD_0855,CUST_0855,cancelled
ORD_0856,CUST_0856,cancelled
ORD_0857,CUST_0857,cancelled
ORD_0858,CUST_0858,completed
ORD_0859,CUST_0859,completed
ORD_0860,CUST_0860,completed
ORD_0861,CUST_0861,cancelled
ORD_0862,CUST_0862,completed
ORD_0863,CUST_0863,completed
ORD_0864,CUST_0864,pending
ORD_0865,CUST_0865,completed
ORD_0866,CUST_0866,pending
ORD_0867,CUST_0867,completed
ORD_0868,CUST_0868,pending
ORD_0869,CUST_0869,completed
ORD_0870,CUST_0870,completed
ORD_0871,CUST_0871,cancelled
ORD_0872,CUST_0872,pending
ORD_0873,CUST_0873,completed
ORD_0874,CUST_0874,cancelled
ORD_0875,CUST_0875,cancelled
ORD_0876,CUST_0876,completed
ORD_0877,CUST_0877,pending
ORD_0878,CUST_0878,cancelled
ORD_0879,CUST_0879,completed
ORD_0880,CUST_0880,completed
ORD_0881,CUST_0881,pending
ORD_0882,CUST_0882,pending
ORD_0883,CUST_0883,completed
ORD_0884,CUST_0884,completed
ORD_0885,CUST_0885,cancelled
ORD_0886,CUST_0886,completed
ORD_0887,CUST_0887,completed
ORD_0888,CUST_0888,cancelled
ORD_0889,CUST_0889,completed
ORD_0890,CUST_0890,completed
ORD_0891,CUST_0891,pending
ORD_0892,CUST_0892,completed
ORD_0893,CUST_0893,completed
ORD_0894,CUST_0894,pending
ORD_0895,CUST_0895,pending
ORD_0896,CUST_0896,cancelled
ORD_0897,CUST_0897,completed
ORD_0898,CUST_0898,pending
ORD_0899,CUST_0899,completed
ORD_0900,CUST_0000,cancelled
ORD_0901,CUST_0001,pending
ORD_0902,CUST_0002,completed
ORD_0903,CUST_0003,completed
ORD_0904,CUST_0004,pending
ORD_0905,CUST_0005,cancelled
ORD_0906,CUST_0006,cancelled
ORD_0907,CUST_0007,cancelled
ORD_0908,CUST_0008,completed
ORD_0909,CUST_0009,completed
ORD_0910,CUST_0010,completed
ORD_0911,CUST_0011,completed
ORD_0912,CUST_0012,completed
ORD_0913,CUST_0013,pending
ORD_0914,CUST_0014,completed
ORD_0915,CUST_0015,completed
ORD_0916,CUST_0016,completed
ORD_0917,CUST_0017,cancelled
ORD_0918,CUST_0018,completed
ORD_0919,CUST_0019,completed
ORD_0920,CUST_0020,cancelled
ORD_0921,CUST_0021,completed
ORD_0922,CUST_0022,completed
ORD_0923,CUST_0023,completed
ORD_0924,CUST_0024,cancelled
ORD_0925,CUST_0025,completed
ORD_0926,CUST_0026,pending
ORD_0927,CUST_0027,cancelled
ORD_0928,CUST_0028,cancelled
ORD_0929,CUST_0029,completed
ORD_0930,CUST_0030,completed
ORD_0931,CUST_0031,cancelled
ORD_0932,CUST_0032,completed
ORD_0933,CUST_0033,completed
ORD_0934,CUST_0034,completed
ORD_0935,CUST_0035,completed
ORD_0936,CUST_0036,cancelled
ORD_0937,CUST_0037,pending
ORD_0938,CUST_0038,completed
ORD_0939,CUST_0039,cancelled
ORD_0940,CUST_0040,pending
ORD_0941,CUST_0041,pending
ORD_0942,CUST_0042,completed
ORD_0943,CUST_0043,cancelled
ORD_0944,CUST_0044,completed
ORD_0945,CUST_0045,pending
ORD_0946,CUST_0046,completed
ORD_0947,CUST_0047,pending
ORD_0948,CUST_0048,completed
ORD_0949,CUST_0049,completed
ORD_0950,CUST_0050,completed
ORD_0951,CUST_0051,cancelled
ORD_0952,CUST_0052,cancelled
ORD_0953,CUST_0053,completed
ORD_0954,CUST_0054,completed
ORD_0955,CUST_0055,cancelled
ORD_0956,CUST_0056,pending
ORD_0957,CUST_0057,completed
ORD_0958,CUST_0058,completed
ORD_0959,CUST_0059,completed
ORD_0960,CUST_0060,completed
ORD_0961,CUST_0061,completed
ORD_0962,CUST_0062,completed
ORD_0963,CUST_0063,completed
ORD_0964,CUST_0064,completed
ORD_0965,CUST_0065,completed
ORD_0966,CUST_0066,completed
ORD_0967,CUST_0067,completed
ORD_0968,CUST_0068,completed
ORD_0969,CUST_0069,completed
ORD_0970,CUST_0070,completed
ORD_0971,CUST_0071,pending
ORD_0972,CUST_0072,completed
ORD_0973,CUST_0073,pending
ORD_0974,CUST_0074,completed
ORD_0975,CUST_0075,pending
ORD_0976,CUST_0076,completed
ORD_0977,CUST_0077,completed
ORD_0978,CUST_0078,pending
ORD_0979,CUST_0079,completed
ORD_0980,CUST_0080,completed
ORD_0981,CUST_0081,pending
ORD_0982,CUST_0082,completed
ORD_0983,CUST_0083,cancelled
ORD_0984,CUST_0084,completed
ORD_0985,CUST_0085,completed
ORD_0986,CUST_0086,completed
ORD_0987,CUST_0087,completed
ORD_0988,CUST_0088,completed
ORD_0989,CUST_0089,completed
ORD_0990,CUST_0090,pending
ORD_0991,CUST_0091,pending
ORD_0992,CUST_0092,pending
ORD_0993,CUST_0093,completed
ORD_0994,CUST_0094,cancelled
ORD_0995,CUST_0095,completed
ORD_0996,CUST_0096,completed
ORD_0997,CUST_0097,pending
ORD_0998,CUST_0098,completed
ORD_0999,CUST_0099,cancelled
ORD_1000,CUST_0100,completed
