상품명,실제_분야,예측_분야
나는 미국 월배당 ETF로 40대에 은퇴한다,경제/경영,소설
위버멘쉬,인문,소설
부자 아빠 가난한 아빠(20주년 특별 기념판),경제/경영,소설
월가의 영웅,경제/경영,소설
긴긴밤,어린이(초등),소설
영어로 문장 만들기 훈련 1차 임계점,외국어,소설
이어령의 말,인문,소설
세상은 실제로 어떻게 돌아가는가,인문,소설
책문,역사/문화,소설
에그박사 14,어린이(초등),소설
시대예보: 경량문명의 탄생,경제/경영,소설
일의 감각,자기계발,소설
코스모스,과학,소설
이로운 보수 의로운 진보,정치/사회,소설
나는 메트로폴리탄 미술관의 경비원입니다,시/에세이,소설
워런 버핏 웨이,경제/경영,소설
무의식은 어떻게 나를 설계하는가,과학,소설
단 3개의 미국 ETF로 은퇴하라,경제/경영,소설
너에게 들려주는 단단한 말,청소년,소설
제로 투 원(10주년 기념판),경제/경영,소설
단 한 번의 삶(강물에디션 활판인쇄 한정판),시/에세이,소설
행동하지 않으면 인생은 바뀌지 않는다,자기계발,소설
그릿,가정/육아,소설
고전이 답했다 마땅히 가져야 할 부에 대하여,자기계발,소설
주술회전 29: 인외마경 신주쿠 결전 사활,만화,소설
소득혁명,자기계발,소설
대한민국헌법 양장 포켓북(초호화 한정판 금장 에디션),정치/사회,소설
왜 그들만 부자가 되는가,경제/경영,소설
트럼프 2.0 시대,경제/경영,소설
흔한남매의 흔한 호기심 13,어린이(초등),소설
팩트풀니스(50만 부 뉴에디션),인문,소설
꽃을 보듯 너를 본다(100만 부 기념 에디션)(리커버:K),시/에세이,소설
