order_id,customer_id,order_date,actual_order_total,predicted_order_total,residual,abs_error
287,83,2028-12-31,1714000.0,3036750.0,-1322750.0,1322750.0
251,72,2026-06-26,160000.0,1444640.0,-1284640.0,1284640.0
225,104,2026-08-28,1878000.0,593910.0,1284090.0,1284090.0
50,104,2026-08-14,2088000.0,975960.0,1112040.0,1112040.0
163,108,2026-06-24,18000.0,1040710.0,-1022710.0,1022710.0
108,14,2026-08-06,1891000.0,920420.0,970580.0,970580.0
1,144,2026-07-12,344000.0,1274160.0,-930160.0,930160.0
162,55,2026-06-09,1489000.0,667250.0,821750.0,821750.0
228,22,2026-06-22,1426000.0,618380.0,807620.0,807620.0
106,119,2026-08-20,165000.0,873360.0,-708360.0,708360.0
90,5,2026-07-27,1430000.0,722380.0,707620.0,707620.0
206,25,2026-06-29,58000.0,701900.0,-643900.0,643900.0
231,134,2026-06-24,230000.0,860810.0,-630810.0,630810.0
144,90,2026-08-18,381000.0,994960.0,-613960.0,613960.0
297,36,2026-07-24,380000.0,964850.0,-584850.0,584850.0
69,120,2026-08-02,274000.0,822230.0,-548230.0,548230.0
204,115,2026-08-11,1373000.0,834470.0,538530.0,538530.0
285,38,2026-07-18,1163000.0,629100.0,533900.0,533900.0
257,51,2026-06-06,1339000.0,814600.0,524400.0,524400.0
129,90,2026-07-01,1791000.0,1268290.0,522710.0,522710.0
192,143,2026-06-10,869000.0,1391430.0,-522430.0,522430.0
232,20,2026-08-11,1284000.0,783400.0,500600.0,500600.0
63,150,2026-06-08,1081000.0,597930.0,483070.0,483070.0
103,32,2026-07-14,1007000.0,539380.0,467620.0,467620.0
292,14,2026-06-11,823000.0,358980.0,464020.0,464020.0
31,73,2026-07-05,106000.0,561180.0,-455180.0,455180.0
221,117,2026-06-10,1624000.0,1182280.0,441720.0,441720.0
128,85,2026-06-17,1226000.0,791750.0,434250.0,434250.0
78,127,2026-07-22,21000.0,408840.0,-387840.0,387840.0
96,85,2026-06-21,167000.0,552790.0,-385790.0,385790.0
256,55,2027-01-15,909000.0,523990.0,385010.0,385010.0
52,120,2026-06-22,87000.0,453360.0,-366360.0,366360.0
180,116,2026-08-25,183000.0,521640.0,-338640.0,338640.0
211,38,2026-06-22,855000.0,517760.0,337240.0,337240.0
220,150,2026-06-19,31000.0,361720.0,-330720.0,330720.0
44,128,2026-08-01,1208000.0,908140.0,299860.0,299860.0
77,41,2026-08-29,474000.0,772580.0,-298580.0,298580.0
233,144,2026-07-27,1352000.0,1082410.0,269590.0,269590.0
149,55,2026-07-17,38000.0,301880.0,-263880.0,263880.0
207,15,2026-08-30,936000.0,694040.0,241960.0,241960.0
215,60,2026-06-12,192000.0,422230.0,-230230.0,230230.0
47,140,2026-06-04,969000.0,741160.0,227840.0,227840.0
71,112,2026-08-05,934000.0,712350.0,221650.0,221650.0
244,85,2026-06-09,596000.0,816920.0,-220920.0,220920.0
263,43,2026-06-18,665000.0,466760.0,198240.0,198240.0
196,7,2026-08-10,374000.0,562910.0,-188910.0,188910.0
13,135,2026-08-08,809000.0,985370.0,-176370.0,176370.0
12,81,2026-08-05,1416000.0,1261800.0,154200.0,154200.0
259,142,2026-06-05,1001000.0,856790.0,144210.0,144210.0
72,125,,867000.0,980560.0,-113560.0,113560.0
121,95,2026-08-03,1097000.0,1002210.0,94790.0,94790.0
105,92,2026-06-07,528000.0,477140.0,50860.0,50860.0
214,62,,1036000.0,1085770.0,-49770.0,49770.0
54,115,2026-08-21,865000.0,817430.0,47570.0,47570.0
143,19,,685000.0,728910.0,-43910.0,43910.0
151,74,2026-07-07,1499000.0,1465630.0,33370.0,33370.0
262,110,2026-08-11,665000.0,648850.0,16150.0,16150.0
26,121,2026-06-09,726000.0,734500.0,-8500.0,8500.0
136,33,2026-08-19,830000.0,826570.0,3430.0,3430.0
235,7,2026-08-26,1293000.0,1290920.0,2080.0,2080.0
